symbol,gics8,hier.text_157
A,35203010,29
AA,15104010,12
AAC,35102020,28
AAMC,60102040,56
AAME,40301030,76
AAN,25504060,26
AAOI,45201020,88
AAON,20102010,142
AAP,25504050,7
AAPL,45202030,6
AAT,60101010,102
AAWW,20301010,65
AB,40203010,1
ABAX,35101010,148
ABBV,35201010,10
ABC,35102010,85
ABCB,40101015,37
ABCD,25302010,101
ABCO,20202020,36
ABDC,40203010,3
ABG,25504050,7
ABIO,35201010,10
ABM,20201050,149
ABMD,35101010,51
ABR,40204010,89
ABT,35101010,0
ABTL,45101010,4
ACAD,35201010,10
ACC,60101060,56
ACCO,20201060,28
ACET,35102010,146
ACFC,40102010,90
ACHC,35102020,133
ACHN,35201010,10
ACIW,45103010,156
ACLS,45301010,27
ACM,20103010,109
ACNB,40101015,37
ACOR,35201010,10
ACRE,40204010,89
ACRX,35202010,153
ACSF,40203010,3
ACTA,45101010,35
ACTG,20202020,155
ACU,20201060,28
ACXM,45102010,38
ADBE,45103010,6
ADC,60101070,102
ADGE,55105010,59
ADI,45301020,108
ADK,35102020,80
ADM,30202010,48
ADMA,35201010,148
ADMP,35202010,10
ADMS,35201010,10
ADP,45102020,81
ADRO,35201010,77
ADS,45102020,38
ADSK,45103010,30
ADTN,45201020,63
ADUS,35102015,0
ADXS,35201010,77
AE,10102030,55
AEE,55103010,47
AEGN,20103010,28
AEHR,45301010,123
AEIS,45301010,54
AEL,40301020,92
AEO,25504010,120
AEP,55101010,47
AERI,35202010,10
AES,55105010,114
AET,35102030,103
AETI,20104010,54
AEY,45203030,25
AF,40102010,90
AFG,40301030,76
AFH,40301040,76
AFL,40301020,103
AFSI,40301040,34
AGCO,20106015,39
AGEN,35201010,32
AGIO,35201010,20
AGM,40102010,28
AGNC,40204010,78
AGRX,35202010,10
AGX,20103010,70
AGYS,45203030,60
AHC,25401040,15
AHGP,10102050,31
AHH,60101010,102
AHP,60101030,75
AHPI,35101010,0
AHT,60101030,75
AI,40203010,78
AIG,40301030,76
AIMC,20106020,74
AIN,20106020,28
AINV,40203010,3
AIQ,35102015,8
AIR,20101010,74
AIRI,20101010,113
AIT,20107010,150
AIV,60101060,125
AIZ,40301030,26
AJG,40301010,34
AJRD,20101010,74
AJX,40204010,89
AKAM,45101010,6
AKAO,35202010,10
AKBA,35201010,10
AKR,60101070,121
AKRX,35202010,146
AKS,15104050,61
AL,20107010,65
ALB,15101050,17
ALCO,30202010,28
ALDR,35201010,32
ALDW,10102030,55
ALDX,35201010,10
ALE,55101010,114
ALEX,60102010,69
ALG,20106010,39
ALGN,35101020,30
ALGT,20302010,65
ALIM,35202010,10
ALJ,10102030,55
ALK,20302010,65
ALL,40301040,34
ALLY,40202010,4
ALNY,35201010,10
ALOG,35101010,8
ALOT,45202030,74
ALQA,35101020,44
ALR,35101020,117
ALSK,50101020,82
ALSN,20106010,21
ALX,60101070,102
ALXN,35201010,10
AM,10102040,57
AMAG,35201010,10
AMAT,45301010,64
AMBA,45301020,127
AMBR,45101010,128
AMC,25401030,72
AMCX,25401020,25
AMD,45301020,27
AME,20104010,59
AMED,35102015,80
AMG,40203010,1
AMGN,35201010,10
AMH,60101060,56
AMID,10102040,73
AMKR,45301010,123
AMNB,40101015,115
AMOT,20104010,74
AMP,40203010,1
AMPE,35202010,10
AMPH,35202010,146
AMRB,40101015,9
AMRC,20103010,114
AMRI,35203010,29
AMRK,40201040,28
AMRS,10102030,48
AMS,35102015,8
AMSC,20104010,114
AMSF,40301040,34
AMSWA,45103010,128
AMT,60101080,56
AMTD,40203020,98
AMTX,10102030,97
AMWD,20102010,45
AMZN,25502020,26
AN,25504050,7
ANAT,40301030,76
ANCX,40101015,37
ANDE,30101020,97
ANET,45201020,63
ANF,25504010,28
ANGI,45101010,26
ANGO,35101010,51
ANH,40204010,78
ANIK,35101020,44
ANIP,35202010,146
ANSS,45103010,27
ANTH,35201010,10
ANTM,35102030,103
AOI,30203010,84
AOS,20102010,49
AOSL,45301020,54
AP,15104050,61
APA,10102020,66
APAM,40203010,1
APC,10102020,112
APD,15101040,59
APDN,45203010,52
APEI,25302010,101
APH,45203015,96
APO,40203010,1
APOG,20102010,43
APPS,45103010,6
APRI,35202010,10
APTS,60101060,125
APU,55102010,83
AR,10102020,57
ARAY,35101010,8
ARC,20201060,62
ARCB,20304020,33
ARCC,40203010,3
ARCI,25504040,13
ARCW,20106020,113
ARCX,10102040,55
ARDM,35202010,10
ARDX,35201010,10
ARE,60101040,102
ARES,40203010,1
AREX,10102020,106
ARI,40204010,89
ARII,20106010,11
ARIS,45101010,60
ARKR,25301040,104
ARLP,10102050,31
ARMK,25301040,149
ARNA,35201010,10
AROW,40101015,115
ARQL,35201010,20
ARR,40204010,78
ARRS,45201020,63
ARRY,35201010,77
ARTNA,55104010,49
ARTW,20106015,39
ARTX,20101010,19
ARW,45203030,27
ARWR,35201010,10
ASB,40101015,122
ASCMA,25302020,45
ASFI,40202010,4
ASGN,20202010,18
ASH,15101050,17
ASH,15101050,17
ASMB,35202010,10
ASNA,25504010,120
ASPN,10101020,28
ASRV,40101015,122
AST,35201010,100
ASTC,20101010,28
ASTE,20106010,59
ASUR,45103010,60
ASYS,45301010,64
AT,55105010,114
ATEC,35101010,44
ATEN,45103020,63
ATHN,35103010,85
ATHX,35201010,10
ATI,15104050,12
ATLC,40202010,4
ATLO,40101015,90
ATNI,50101020,82
ATNM,35201010,20
ATO,55102010,94
ATR,15103010,46
ATRA,35201010,100
ATRC,35101010,51
ATRI,35101020,0
ATRO,20101010,74
ATRS,35101020,146
ATSG,20301010,65
ATVI,45103030,72
ATW,10101010,119
AUMN,15104040,14
AVA,55103010,47
AVAV,20101010,19
AVB,60101060,125
AVD,15101030,28
AVEO,35201010,32
AVGR,35101010,51
AVHI,25201030,41
AVID,45202030,6
AVNW,45201020,2
AVT,45203030,27
AVX,45203015,19
AVY,15103020,17
AWI,20102010,43
AWK,55104010,49
AWR,55104010,49
AWRE,45103010,60
AWX,20201050,152
AXAS,10102020,106
AXDX,35203010,117
AXE,45203030,96
AXGN,35101010,44
AXL,25101010,21
AXP,40202010,26
AXR,20201070,69
AXTA,15101050,124
AXTI,45301010,27
AYI,20104010,131
AYR,20107010,65
AZO,25504050,7
AZPN,45103010,128
AZZ,20104020,150
B,20106020,74
BA,20101010,154
BABY,35101010,27
BAC,40101010,122
BAH,45102010,60
BANC,40101015,9
BANF,40101015,115
BANR,40101015,9
BASI,35203010,29
BAX,35101010,0
BBBY,25504060,13
BBG,10102020,106
BBGI,25401020,23
BBOX,45201020,27
BBRG,25301040,104
BBSI,20202010,18
BBT,40101015,122
BBW,25504040,5
BBY,25504020,26
BC,25202010,107
BCBP,40101015,9
BCC,15105010,71
BCEI,10102020,66
BCLI,35201010,100
BCO,20201080,45
BCOR,45101010,134
BCOV,45101010,127
BCPC,15101050,40
BCR,35101010,51
BCRX,35201010,10
BDC,45203015,2
BDGE,40101015,9
BDL,25301040,104
BDN,60101040,102
BDR,45201020,127
BDSI,35202010,153
BDX,35101010,29
BEAT,35102015,51
BEBE,25504010,120
BECN,20107010,43
BELFB,45201020,96
BEN,40203010,1
BERY,15103010,17
BFAM,25302010,0
BFIN,40102010,9
BFS,60101070,121
BG,30202010,48
BGC,20104010,96
BGCP,40203020,98
BGFV,25504040,50
BGG,20106020,59
BGS,30202030,16
BH,25301040,104
BHB,40101015,115
BHBK,40101015,115
BHE,45203020,87
BHI,10101020,118
BHLB,40101015,115
BID,25302020,28
BIG,25503020,13
BIIB,35201010,10
BIO,35203010,29
BIOC,35201010,117
BIOL,35101010,30
BIOS,35102015,0
BJRI,25301040,104
BK,40203010,99
BKCC,40203010,3
BKD,35102020,58
BKE,25504010,120
BKEP,10102040,55
BKH,55103010,47
BKJ,40101015,9
BKMU,40102010,90
BKS,25504040,15
BKSC,40101015,115
BKU,40101015,9
BLBD,20106010,21
BLCM,35201010,100
BLDR,20102010,71
BLFS,35101020,100
BLIN,45101010,6
BLK,40203010,1
BLKB,45103010,35
BLL,15103010,46
BLMN,25301040,104
BLMT,40102010,9
BLPH,35101010,10
BLUE,35201010,100
BMI,45203010,49
BMRC,40101015,9
BMRN,35201010,10
BMS,15103020,46
BMTC,40101015,37
BMY,35202010,10
BNCL,40102010,90
BNCN,40101015,9
BNFT,45101010,85
BOBE,25301040,16
BOCH,40101015,9
BOFI,40102010,9
BOH,40101015,122
BOJA,25301040,104
BOKF,40101015,122
BONT,25503010,120
BOOM,20106020,59
BOOT,25504010,5
BOX,45101010,6
BPFH,40101015,99
BPI,25302010,101
BPL,10102040,55
BPMC,35201010,20
BPOP,40101015,37
BPT,10102020,53
BPTH,35202010,20
BR,45102020,36
BRC,20201010,59
BRCD,45201020,63
BREW,30201010,28
BRG,60101060,102
BRKL,40101015,115
BRKR,35203010,29
BRKS,45301010,59
BRN,10102020,118
BRO,40301010,34
BRS,10101020,22
BRSS,20106020,12
BRT,60101060,102
BRX,60101070,121
BSET,25201020,42
BSF,40102010,9
BSFT,45103010,35
BSM,10102020,28
BSQR,45103010,60
BSRR,40101015,9
BSTC,35201010,10
BSX,35101010,51
BTN,25401030,6
BTU,10102050,31
BTX,35201010,100
BURL,25504010,120
BUSE,40101015,156
BV,45101010,6
BVSN,45101010,60
BVX,35101010,44
BWA,25101010,21
BWEN,20104020,114
BWFG,40101015,90
BWINB,40301040,34
BWLD,25301040,104
BWP,10102040,94
BX,40203010,1
BXC,20107010,71
BXMT,40204010,89
BXP,60101040,102
BXS,40101015,37
BYBK,40101015,9
BYD,25301010,132
BZH,25201030,41
C,40101010,122
CA,45103020,60
CAB,25504040,50
CAC,40101015,115
CACB,40101015,90
CACC,40202010,4
CACI,45102010,147
CACQ,25301010,132
CAG,30202030,16
CAH,35102010,85
CAKE,25301040,104
CALA,35201010,77
CALD,45103010,60
CALM,30202030,28
CALX,45201020,63
CAMP,45201020,110
CAPL,10102040,5
CAPN,35101010,10
CAPR,35201010,10
CAR,20304020,21
CARA,35201010,153
CARB,45101010,27
CARO,40101015,37
CART,40101015,115
CARV,40102010,9
CASH,40102010,9
CASI,35201010,77
CASM,35101010,0
CASS,45102020,36
CASY,30101030,5
CAT,20106010,59
CATM,45102020,45
CATO,25504010,120
CATY,40101015,9
CAVM,45301020,63
CAW,30302010,130
CBAN,40101015,9
CBAY,35202010,10
CBB,50101020,82
CBF,40101015,90
CBFV,40101015,90
CBG,60102040,56
CBK,25504010,120
CBL,60101070,121
CBLI,35201010,77
CBM,35203010,146
CBMG,35201010,100
CBMX,35203010,117
CBOE,40203040,98
CBPX,20102010,111
CBRL,25301040,104
CBS,25401020,6
CBSH,40101015,122
CBT,15101010,17
CBU,40101015,37
CBZ,20202020,85
CCBG,40101015,122
CCC,15101010,17
CCF,15101050,17
CCI,60101080,56
CCK,15103010,46
CCL,25301020,137
CCMP,45301010,27
CCNE,40101015,115
CCO,25401010,23
CCOI,50101010,35
CCRN,35102015,18
CCS,25201030,41
CCUR,45202030,127
CDE,15104045,14
CDI,20202010,18
CDK,45103010,23
CDNS,45103010,27
CDR,60101070,121
CDTI,25101010,59
CDTX,35201010,10
CDW,45203030,60
CDXS,15101050,146
CDZI,55104010,49
CE,15101050,17
CECE,20201050,59
CECO,25302010,101
CELG,35201010,10
CELP,20201050,22
CEMI,35101020,117
CEMP,35202010,10
CENTA,30301010,13
CENX,15104010,12
CEQP,10102040,73
CERN,35103010,85
CERS,35101020,148
CERU,35201010,77
CEVA,45301020,27
CF,15101030,139
CFBK,40102010,90
CFFI,40101015,37
CFFN,40102010,9
CFG,40101015,122
CFI,25203030,28
CFNB,40101015,115
CFR,40101015,99
CFRX,35201010,32
CFX,20106020,150
CG,40203010,3
CGI,20304020,33
CGNT,35101010,0
CGNX,45203010,0
CHCI,25201030,102
CHCO,40101015,115
CHD,30301010,0
CHDN,25301010,132
CHE,35102015,28
CHEF,30101020,16
CHFC,40101015,115
CHFN,40102010,9
CHGG,25302010,101
CHH,25301020,75
CHK,10102020,129
CHKE,25203010,28
CHKR,10102020,53
CHMG,40101015,37
CHMI,40204010,78
CHRS,35201010,10
CHRW,20301010,33
CHS,25504010,120
CHSP,60101030,75
CHTR,25401025,82
CHUY,25301040,104
CI,35102030,92
CIA,40301020,92
CIDM,25401030,6
CIE,10102020,66
CIEN,45201020,63
CIM,40204010,78
CINF,40301040,76
CIR,20106020,74
CIT,40101015,122
CIVB,40101015,90
CIVI,35102015,85
CIX,20201060,141
CKH,10101020,119
CL,30301010,0
CLCT,25302020,28
CLD,10102050,31
CLDT,60101030,75
CLDX,35201010,32
CLF,15104050,28
CLFD,45201020,88
CLGX,45102020,36
CLH,20201050,95
CLI,60101040,102
CLIR,45203010,59
CLMT,10102030,17
CLNE,10102030,94
CLR,10102020,106
CLRB,35201010,77
CLRO,45201020,27
CLSN,35201010,20
CLUB,25301030,152
CLVS,35201010,20
CLW,15105020,46
CLX,30301010,0
CMA,40101010,122
CMC,15104050,61
CMCO,20106020,39
CMCSA,25401025,25
CMCT,40204010,102
CME,40203040,98
CMFN,40203010,3
CMG,25301040,104
CMI,20106010,59
CMLS,25401020,23
CMO,40204010,78
CMP,15104020,48
CMRX,35201010,10
CMS,55103010,47
CMT,15101010,17
CMTL,45201020,110
CNA,40301040,34
CNAT,35201010,10
CNBKA,40101015,115
CNC,35102030,85
CNCE,35201010,10
CNK,25401030,72
CNMD,35101010,44
CNNX,10102040,57
CNO,40301020,92
CNOB,40101015,9
CNP,55103010,94
CNS,40203010,1
CNSL,50101020,82
CNTY,25301010,132
CNX,10102050,129
CNXR,35103010,103
COBZ,40101015,37
CODI,40201030,3
COF,40202010,122
COG,10102020,129
COH,25203010,5
COHR,45203010,88
COHU,45301010,123
COKE,30201030,24
COL,20101010,154
COLB,40101015,122
COLL,35202010,153
COLM,25203010,50
COMM,45201020,2
CONE,60101080,52
CONN,25504020,4
COO,35101020,0
COOL,45103030,44
COP,10102020,112
COR,60101080,52
CORE,25501010,5
CORI,35202010,10
CORR,60101080,56
CORT,35202010,10
COST,30101040,16
COT,30201030,24
COTY,30302010,130
COUP,45101010,60
COVS,45103020,52
COWN,40203020,99
CPB,30202030,16
CPE,10102020,106
CPF,40101015,122
CPHC,25301010,132
CPK,55102010,47
CPLA,25302010,101
CPN,55105010,114
CPRT,20201070,21
CPRX,35201010,10
CPS,25101010,59
CPSI,35103010,85
CPSS,40202010,4
CPST,20104020,59
CPT,60101060,125
CPTA,40203010,3
CQH,10102040,86
CQP,10102040,86
CR,20106020,74
CRAI,20202020,36
CRAY,45202030,52
CRBP,35201010,10
CRC,10102020,106
CRCM,45101010,0
CRDS,45202030,28
CREE,45301020,131
CRI,25203010,5
CRIS,35201010,20
CRK,10102020,129
CRL,35203010,29
CRM,45103010,35
CRMD,35201010,10
CRMT,25504050,21
CROX,25203020,50
CRR,10101020,22
CRS,15104050,12
CRT,10102020,53
CRTN,45102010,36
CRUS,45301020,108
CRVL,35102015,60
CRWS,25203030,28
CRY,35101010,51
CRZO,10102020,129
CSBK,40102010,9
CSCO,45201020,63
CSFL,40101015,9
CSGP,45101010,56
CSGS,45102020,52
CSII,35101010,51
CSL,20105010,28
CSLT,35103010,85
CSOD,45101010,81
CSPI,45102010,60
CSS,25201050,26
CST,25504050,5
CSU,35102020,58
CSV,25302020,143
CSWC,40203010,3
CSX,20304010,11
CTAS,20201070,149
CTB,25101020,144
CTBI,40101015,90
CTG,45102010,18
CTHR,25203010,28
CTIC,35201010,20
CTL,50101020,82
CTLT,35202010,29
CTO,60102010,69
CTRE,60101050,58
CTRL,45203010,27
CTRN,25504010,120
CTRV,35202010,10
CTS,45203020,27
CTSH,45102010,36
CTSO,35101010,148
CTT,60101080,126
CTWS,55104010,49
CTXS,45103010,60
CUB,20101010,147
CUBE,60101080,93
CUBI,40101015,9
CUDA,45103020,140
CUI,45203010,59
CUNB,40101015,9
CUO,20102010,142
CUR,35201010,100
CUTR,35101010,30
CUZ,60101040,102
CVA,20201050,95
CVBF,40101015,115
CVCO,25201030,41
CVCY,40101015,115
CVEO,20201070,149
CVG,45102020,38
CVGI,20106010,21
CVGW,30202030,16
CVI,10102030,139
CVLT,45103020,52
CVLY,40101015,115
CVO,20201010,62
CVRR,10102030,55
CVS,30101010,68
CVTI,20304020,33
CVU,20101010,113
CVV,45301010,64
CVX,10102010,55
CW,20101010,74
CWAY,40102010,90
CWST,20201050,95
CWT,55104010,49
CXO,10102020,106
CXP,60101040,102
CXW,60101080,149
CY,45301020,135
CYBE,45301010,30
CYCC,35201010,20
CYH,35102020,133
CYTK,35201010,10
CYTR,35201010,20
CYTX,35201010,100
CZNC,40101015,115
CZR,25301010,132
D,55103010,94
DAIO,45203020,52
DAKT,45203010,27
DAL,20302010,65
DAN,25101010,21
DAR,30202010,48
DATA,45103020,52
DAVE,25301040,28
DBD,45202030,45
DCI,20106020,59
DCO,20101010,113
DCOM,40102010,90
DCT,60101020,102
DD,15101020,17
DDD,45202030,30
DDE,25301010,145
DDR,60101070,121
DDS,25503010,120
DE,20106015,39
DEA,60101040,56
DECK,25203020,50
DEI,60101040,102
DEL,15105010,126
DENN,25301040,104
DEPO,35202010,153
DERM,35202010,10
DEST,25504010,120
DF,30202030,28
DFS,40202010,4
DFT,60101080,52
DG,25503020,13
DGAS,55102010,94
DGI,20101010,6
DGICA,40301040,76
DGII,45201020,2
DGLY,45203010,127
DGX,35102015,117
DHI,25201030,41
DHIL,40203010,1
DHR,35101010,29
DHX,45101010,18
DIN,25301040,104
DIOD,45301020,54
DIS,25401030,25
DISCA,25401020,25
DISH,25401025,82
DJCO,25401040,60
DK,10102030,55
DKL,10102040,55
DKS,25504040,50
DLA,25203010,120
DLB,45203015,6
DLHC,20202010,85
DLR,60101080,102
DLTR,25503020,13
DLX,20201010,62
DM,10102040,94
DMLP,10102020,53
DMRC,45103010,45
DNB,20202020,36
DNKN,25301040,104
DNOW,20107010,128
DNR,10102020,66
DO,10101010,119
DOC,60101050,102
DOOR,20102010,43
DOV,20106020,59
DOW,15101020,17
DPLO,35102015,68
DPS,30201030,24
DPW,20104010,54
DPZ,25301040,5
DRAD,35102015,8
DRAM,45202030,135
DRE,60101020,102
DRH,60101030,75
DRI,25301040,104
DRNA,35201010,10
DRQ,10101020,119
DRRX,35202010,153
DSPG,45301020,27
DSS,45103020,62
DST,45102020,36
DSW,25504010,50
DTE,55103010,47
DUK,55101010,47
DV,25302010,101
DVA,35102015,0
DVAX,35201010,10
DVCR,35102020,80
DVD,25301030,145
DVN,10102020,112
DWCH,45103010,52
DWSN,10101020,79
DX,40204010,78
DXCM,35101010,0
DXLG,25504010,120
DXPE,20107010,128
DXYN,25201020,43
DY,20103010,70
DYNT,35101010,0
DYSL,45203010,88
EA,45103030,72
EARN,40204010,78
EAT,25301040,104
EBAY,45101010,26
EBF,20201010,62
EBIO,35201010,10
EBIX,45103010,34
EBMT,40101015,90
EBS,35201010,10
EBSB,40102010,90
EBTC,40101015,90
ECHO,20301010,33
ECL,15101050,16
ECOL,20201050,95
ECOM,45101010,60
ECPG,40202010,4
ECR,10102020,129
ECT,10102020,53
ECYT,35202010,77
ED,55103010,47
EDGW,45102010,36
EDR,60101060,56
EDUC,25501010,15
EE,55101010,114
EEFT,45102020,156
EEI,20201050,109
EEP,10102040,73
EEQ,10102040,73
EFC,40203010,78
EFII,45202030,62
EFOI,20104010,131
EFSC,40101015,122
EFX,20202020,36
EGAN,45101010,26
EGAS,55102010,94
EGBN,40101015,9
EGHT,45103010,35
EGL,20101010,147
EGLT,35202010,153
EGN,10102020,106
EGOV,45101010,60
EGP,60101020,102
EGRX,35201010,10
EGY,10102020,66
EHTH,40301010,103
EIG,40301040,34
EIGI,45101010,26
EIX,55101010,47
EL,30302010,130
ELGX,35101020,0
ELLI,45103010,26
ELMD,35101010,28
ELON,45203020,27
ELS,60101060,56
ELY,25202010,152
EMAN,45203020,27
EMCI,40301040,34
EME,20103010,70
EMES,10102030,22
EMKR,45201020,88
EML,20106020,45
EMMS,25401020,23
EMN,15101020,17
EMR,20104010,74
ENBL,10102040,73
ENG,10101020,109
ENLC,10102040,112
ENLK,10102030,112
ENOC,45103010,60
ENPH,20104010,27
ENR,30301010,19
ENRJ,10102020,66
ENS,20104010,19
ENSG,35102020,80
ENSV,10101020,49
ENT,25401030,2
ENTA,35201010,10
ENTG,45301010,64
ENTL,35101010,0
ENV,45101010,1
ENZ,35203010,29
EOG,10102020,106
EPAM,45102010,60
EPAY,45103010,156
EPD,10102040,73
EPE,10102020,106
EPM,10102020,66
EPR,60101080,72
EPZM,35201010,20
EQC,60101040,102
EQGP,10102040,57
EQIX,60101080,35
EQM,10102040,57
EQR,60101060,125
EQT,10102020,57
ERA,10101020,22
ERI,25301010,132
ERIE,40301040,34
ERII,20106020,22
ERN,10102020,66
ES,55101010,47
ESBA,60101010,102
ESCA,25202010,50
ESE,20106020,2
ESIO,45203010,64
ESL,20101010,74
ESP,20104010,54
ESPR,35201010,10
ESRT,60101010,102
ESRX,35102015,68
ESS,60101060,125
ESSA,40102010,9
ESTE,10102020,106
ESXB,40101015,115
ETE,10102040,73
ETFC,40203020,98
ETH,25201020,13
ETM,25401020,23
ETR,55101010,114
ETRM,35101010,44
ETSY,25502020,26
EV,40203010,1
EVA,10102050,71
EVBS,40101015,115
EVC,25401020,25
EVEP,10102020,106
EVER,40102010,122
EVHC,35102015,133
EVI,20107010,59
EVLV,25502020,13
EVOK,35202010,10
EVOL,45103010,52
EVR,40203020,99
EVTC,45102020,156
EW,35101010,51
EWBC,40101015,9
EXA,45103010,27
EXAC,35101010,44
EXAS,35201010,117
EXC,55101010,47
EXEL,35201010,77
EXLS,45102020,36
EXP,15102010,111
EXPD,20301010,33
EXPE,25502020,116
EXPO,20202020,109
EXPR,25504010,120
EXR,60101080,93
EXTR,45201020,63
EXXI,10102020,66
EYES,35101010,0
EZPW,40202010,4
F,25102010,21
FAC,40301040,76
FAF,40301040,91
FALC,45103020,52
FANG,10102020,106
FARM,30202030,24
FARO,45203010,30
FAST,20107010,150
FATE,35201010,100
FB,45101010,26
FBC,40102010,37
FBHS,20102010,45
FBIO,35201010,77
FBIZ,40101015,115
FBMS,40101015,9
FBNC,40101015,115
FBNK,40101015,90
FBP,40101015,37
FBRC,40203020,99
FC,20202020,60
FCBC,40101015,37
FCCO,40101015,9
FCCY,40101015,9
FCEL,20104010,151
FCF,40101015,115
FCFS,40202010,4
FCH,60101030,75
FCN,20202020,36
FCNCA,40101015,115
FCSC,35201010,10
FCX,15104025,14
FDEF,40102010,37
FDP,30202010,16
FDS,40203040,36
FDUS,40203010,3
FDX,20301010,33
FE,55101010,47
FEIM,45203010,2
FELE,20106020,74
FELP,10102050,31
FENX,25501010,7
FET,10101020,119
FEYE,45103020,140
FF,15101050,17
FFBC,40101015,122
FFG,40301020,92
FFIC,40101015,90
FFIN,40101015,115
FFIV,45201020,63
FFKT,40101015,115
FFNW,40101015,9
FGEN,35201010,10
FGL,40301020,28
FGP,55102010,83
FHCO,30302010,10
FHN,40101015,122
FIBK,40101015,122
FICO,45103010,60
FIG,40203010,1
FII,40203010,1
FINL,25504010,50
FIS,45102020,156
FISI,40101015,37
FISV,45102020,156
FITB,40101015,122
FIVE,25504040,13
FIVN,45101010,35
FIX,20103010,70
FIZZ,30201030,24
FL,25504010,50
FLIC,40101015,115
FLIR,45203010,8
FLKS,35202010,10
FLL,25301010,132
FLO,30202030,16
FLR,20103010,109
FLS,20106020,74
FLT,45102020,151
FLWS,25502020,26
FLXN,35201010,153
FLXS,25201020,42
FMBI,40101015,122
FMC,15101030,17
FMI,35201010,117
FMNB,40101015,115
FMSA,10101020,22
FNB,40101015,37
FNF,40301040,91
FNFV,40201030,91
FNGN,40203010,1
FNHC,40301040,76
FNJN,45103020,140
FNLC,40101015,90
FNSR,45201020,88
FNWB,40101015,9
FOE,15101050,124
FOLD,35201010,10
FONR,35101010,8
FOR,60102030,69
FORD,25203010,21
FORM,45301010,123
FORR,45102010,36
FOSL,25203010,5
FOXA,25401030,25
FOXF,25101010,21
FPI,60101080,28
FPO,60101010,102
FPP,10102020,66
FPRX,35201010,20
FR,60101020,102
FRAN,25504010,120
FRBA,40101015,90
FRBK,40101015,9
FRC,40101015,122
FRD,15104050,61
FRED,25503020,5
FRGI,25301040,104
FRME,40101015,115
FRP,50101020,82
FRPH,60102020,69
FRPT,30202030,28
FRT,60101070,121
FSAM,40203010,1
FSB,40101015,115
FSBK,40101015,115
FSC,40203010,3
FSFR,40203010,3
FSIC,40203010,3
FSLR,45301020,136
FSNN,50101010,35
FSP,60101040,102
FSS,20106010,59
FSTR,20106020,11
FTAI,20107010,119
FTD,25502020,26
FTEK,20201050,59
FTK,15101050,22
FTNT,45103020,140
FTR,50101020,82
FUEL,45101010,23
FUL,15101050,17
FULT,40101015,115
FUN,25301030,72
FUNC,40101015,9
FVE,35102020,58
FWRD,20301010,33
GABC,40101015,37
GAIA,25502020,25
GAIN,40203010,3
GALE,35201010,20
GALT,35201010,10
GBCI,40101015,90
GBDC,40203010,3
GBL,40203010,1
GBNK,40101015,90
GBR,10102020,66
GBX,20106010,11
GCAP,40203020,98
GCI,25401040,15
GCO,25504010,50
GD,20101010,154
GDDY,45101010,26
GDOT,40202010,26
GE,20105010,74
GEF,15103010,46
GEL,10102040,55
GEN,35102020,80
GENC,20106020,59
GEO,60101080,149
GEOS,10101020,79
GERN,35201010,20
GES,25504010,120
GEVO,10102030,114
GFF,20102010,17
GFN,20107010,93
GGG,20106020,59
GGP,60101070,121
GHDX,35201010,77
GHL,40203020,28
GHM,20106020,59
GIFI,10101020,119
GIGA,45203010,2
GIII,25203010,120
GILD,35201010,10
GIMO,45103020,63
GIS,30202030,16
GLAD,40203010,3
GLDD,20103010,28
GLP,10102040,83
GLPI,60101080,132
GLT,15105020,138
GLUU,45103010,72
GLW,45203015,43
GM,25102010,10
GME,25504020,127
GMED,35101010,44
GMO,15104020,14
GNBC,40101015,9
GNC,25504040,105
GNCA,35201010,77
GNCMA,50101020,82
GNE,55101010,66
GNMK,35101010,117
GNRC,20104010,59
GNTX,25101010,21
GNVC,35201010,32
GNW,40301020,67
GOGO,45101010,2
GOOD,60101010,102
GOOGL,45101010,26
GORO,15104030,14
GOV,60101040,102
GPC,25501010,7
GPI,25504050,7
GPIC,25301010,132
GPK,15103020,46
GPN,45102020,156
GPOR,10102020,66
GPRE,10102030,97
GPRO,25201010,27
GPS,25504010,120
GPT,60101010,102
GPX,20202010,36
GRA,15101050,17
GRBK,25201030,41
GRC,20106020,74
GROW,40203010,1
GRPN,25502020,26
GRUB,45101010,104
GS,40203020,99
GSAT,50101010,110
GSB,45103020,52
GSBC,40101015,90
GSBD,40203010,3
GSIT,45301020,135
GST,10102020,129
GSVC,40203010,3
GT,25101020,144
GTIM,25301040,104
GTLS,20106020,59
GTN,25401020,25
GTS,35102030,76
GTT,45101010,35
GTXI,35201010,77
GTY,60101070,102
GUID,45103010,52
GV,20103010,70
GVA,20103010,70
GVP,45103010,151
GWB,40101015,90
GWGH,40201040,92
GWR,20304010,11
GWRE,45103010,52
GWW,20107010,150
GXP,55101010,47
H,25301020,75
HA,20302010,65
HABT,25301040,104
HAE,35101020,148
HAFC,40101015,90
HAIN,30202030,16
HAL,10101020,118
HALL,40301040,76
HALO,35201010,20
HAS,25202010,28
HASI,40204010,114
HAWK,45102020,26
HAYN,15104050,12
HBAN,40101015,122
HBCP,40102010,90
HBHC,40101015,122
HBI,25203010,120
HBIO,35203010,29
HBMD,40101015,9
HBNC,40101015,115
HBP,20107010,71
HCA,35102020,133
HCAP,40203010,3
HCC,15104050,31
HCCI,20201050,95
HCHC,20103010,26
HCI,40301040,34
HCKT,45102010,36
HCLP,10101020,22
HCN,60101050,58
HCOM,50101020,82
HCP,60101050,58
HCSG,20201070,149
HD,25504030,13
HDNG,20106020,150
HDP,45101010,52
HDS,20107010,150
HDSN,20201050,22
HE,55101010,19
HEAR,25201010,27
HEB,35201010,10
HEES,20107010,39
HEI,20101010,74
HELE,25201040,130
HEP,10102040,55
HES,10102020,112
HF,60102040,56
HFBC,40102010,90
HFC,10102030,55
HFWA,40101015,90
HGT,10102020,53
HHC,60102030,69
HHS,25401010,38
HI,20106020,59
HIBB,25504040,50
HIFR,60101080,56
HIFS,40102010,9
HIG,40301030,34
HII,20101010,151
HIIQ,40301010,103
HIL,20202020,109
HIVE,45201020,63
HIW,60101040,102
HL,15104045,14
HLIT,45201020,127
HLS,35102020,80
HLT,25301020,75
HLTH,35102015,133
HLX,10101020,119
HMHC,25302010,15
HMN,40301030,76
HMNF,40102010,90
HMNY,45102010,36
HMSY,35103010,103
HMTV,25401020,25
HNH,15104050,12
HNI,20201060,42
HNNA,40203010,1
HNRG,10102050,28
HOFT,25201020,42
HOG,25102020,28
HOLX,35101010,44
HOMB,40101015,9
HON,20105010,74
HOS,10101020,119
HOV,25201030,41
HP,10101010,62
HPP,60101040,102
HPQ,45202030,62
HPT,60101030,75
HQY,35102030,85
HR,60101050,102
HRB,25302020,134
HRC,35101010,0
HRG,30301010,13
HRL,30202030,16
HRS,45201020,154
HRTG,40301040,76
HRZN,40203010,3
HSC,20106020,59
HSGX,35201010,44
HSIC,35102010,40
HSII,20202010,18
HSKA,35202010,40
HSNI,25502020,26
HSON,20202010,18
HST,60101030,75
HSTM,35103010,85
HSY,30202030,5
HT,60101030,75
HTA,60101050,102
HTBI,40101015,90
HTBK,40101015,9
HTBX,35201010,77
HTGC,40203010,3
HTGM,35103010,117
HTH,40101015,37
HTLD,20304020,33
HTLF,40101015,37
HTM,55105020,114
HTZ,20304020,21
HUBG,20301010,33
HUBS,45103010,26
HUM,35102030,103
HUN,15101020,17
HURC,20106020,150
HURN,20202020,36
HUSA,10102020,66
HVT,25504060,28
HWCC,20107010,96
HWKN,15101010,17
HXL,20101010,17
HYH,35101020,153
HZO,25504040,107
IART,35101010,44
IBCP,40101015,115
IBIO,35201010,32
IBKC,40101015,91
IBKR,40203020,98
IBM,45102010,60
IBOC,40101015,115
IBP,25201030,43
IBTX,40101015,9
ICAD,35103010,8
ICBK,40101015,9
ICCC,35201010,28
ICD,10101010,118
ICE,40203040,98
ICFI,20202020,60
ICON,25203010,28
ICPT,35201010,10
ICUI,35101020,0
IDA,55101010,114
IDCC,45201020,2
IDN,45203010,45
IDRA,35201010,10
IDSA,20201050,61
IDSY,45203010,2
IDT,50101020,26
IDTI,45301020,108
IDXX,35101010,40
IEC,45203020,87
IEP,20105010,56
IESC,20103010,70
IEX,20106020,74
IFF,15101050,48
IFMI,40203030,99
IFON,45201020,27
IGC,35202010,10
IHC,40301020,92
III,45102020,36
IIIN,20102010,111
IIN,45203015,27
IIVI,45203015,88
ILMN,35203010,117
IMGN,35201010,32
IMH,40102010,67
IMI,45301020,28
IMKTA,30101030,16
IMMR,45202030,27
IMMU,35201010,32
IMMY,35202010,10
IMNP,35201010,20
IMPV,45103020,140
IMUC,35201010,77
INAP,45101010,35
INBK,40101015,90
INCR,35203010,29
INCY,35201010,20
INDB,40101015,90
INFI,35201010,20
INFN,45201020,63
INGN,35101010,59
INGR,30202010,48
INN,60101030,75
INO,35201010,77
INOD,45102020,6
INOV,35103010,52
INSM,35201010,10
INSY,35201010,153
INT,10102030,151
INTC,45301020,27
INTL,40203020,98
INTT,45301010,123
INTU,45103010,81
INTX,20201070,36
INUV,45101010,23
INVE,45203010,45
INVT,45201020,28
INWK,20201010,38
IO,10101020,79
IOSP,15101050,17
IP,15103020,138
IPAR,30302010,28
IPAS,45101010,27
IPCC,40301040,76
IPDN,45101010,18
IPG,25401010,38
IPGP,45203020,88
IPHI,45301020,108
IPHS,15101050,48
IPI,15101030,48
IPWR,20104010,54
IRBT,25201040,28
IRDM,50101010,110
IRET,60101010,102
IRIX,35101010,30
IRM,60101080,36
IRMD,35101010,8
IRT,60101060,102
IRWD,35201010,10
ISBC,40101015,90
ISCA,25301030,145
ISDR,45101010,36
ISIG,25401010,26
ISNS,45203010,45
ISR,35201010,77
ISRG,35101010,44
ISSC,20101010,27
ISTR,40101015,90
IT,45102010,36
ITCI,35202010,10
ITEK,35201010,10
ITG,40203020,98
ITI,45203010,45
ITRI,45203010,49
ITT,20106020,74
ITW,20106020,59
IVAC,45202030,64
IVC,35101010,0
IVR,40204010,78
IVZ,40203010,1
IXYS,45301020,54
JACK,25301040,104
JAGX,35202010,40
JAKK,25202010,28
JASN,20106020,59
JBHT,20304020,33
JBL,45203020,87
JBLU,20302010,65
JBSS,30202030,16
JBT,20106020,59
JCAP,60101080,93
JCOM,45101010,35
JCP,25503010,120
JCS,45201020,63
JEC,20103010,109
JIVE,45103010,26
JJSF,30202030,16
JKHY,45102020,36
JLL,60102040,56
JMBA,25301040,5
JMP,40203030,99
JNJ,35202010,0
JNP,35202010,10
JNPR,45201020,63
JNS,40203010,1
JOB,20202010,18
JOE,60102010,69
JONE,10102020,66
JOUT,25202010,50
JPM,40101010,122
JTPY,45102020,81
JUNO,35201010,100
JVA,30202030,24
JWN,25503010,5
JYNT,35102020,0
K,30202030,16
KAI,20106020,28
KALU,15104010,12
KAMN,20107010,113
KAR,20201070,21
KATE,25203010,5
KBAL,20201060,42
KBAL,20201060,42
KBH,25201030,41
KBR,20103010,109
KCAP,40203010,3
KCG,40203020,98
KE,45203020,87
KELYA,20202010,18
KEM,45203020,19
KEQU,35101010,29
KERX,35201010,10
KEX,20303010,59
KEY,40101015,122
KEYS,45203010,27
KEYW,20101010,147
KFRC,20202010,18
KFY,20202010,18
KIM,60101070,121
KIN,35201010,10
KINS,40301040,76
KIRK,25504060,13
KITE,35201010,100
KLAC,45301010,64
KLXI,20101010,118
KMB,30301010,28
KMG,15101050,17
KMI,10102040,55
KMPH,35202010,153
KMPR,40301030,76
KMT,20106020,59
KMX,25504050,21
KN,45203015,27
KND,35102020,80
KNL,20201060,42
KNX,20304020,33
KO,30201030,24
KONA,25301040,104
KOOL,35101010,100
KOP,15101010,17
KOPN,45301020,27
KOSS,25201010,27
KPTI,35201010,20
KR,30101030,5
KRA,15101050,17
KRC,60101040,102
KRG,60101070,121
KRNY,40102010,90
KRO,15101010,141
KS,15105020,46
KSS,25503010,120
KSU,20304010,11
KTCC,45203020,87
KTOS,20101010,45
KTWO,35101010,44
KVHI,45201020,27
L,40301030,34
LABL,20201010,62
LAD,25504050,7
LADR,40204010,89
LAKE,25203010,149
LAMR,60101080,23
LANC,30202030,16
LAND,60101080,28
LARK,40101015,90
LAWS,20107010,150
LAYN,20103010,49
LB,25504010,5
LBAI,40101015,115
LBIO,35201010,77
LBRDK,25401025,82
LBY,25201050,43
LC,40202010,4
LCI,35202010,146
LCNB,40101015,9
LCUT,25201050,43
LDL,20106020,59
LDOS,45102010,147
LDR,35102015,8
LE,25502020,5
LEA,25101010,21
LECO,20106020,150
LEE,25401040,15
LEG,25201020,28
LEN,25201030,41
LEU,10102050,151
LFUS,45203015,96
LFVN,30302010,105
LGCY,10102020,106
LGIH,25201030,41
LGL,45203015,2
LGND,35201010,10
LH,35102015,117
LHCG,35102015,80
LHO,60101030,75
LIFE,35201010,10
LII,20102010,142
LINC,25302010,101
LION,40101015,90
LJPC,35201010,10
LKFN,40101015,115
LKQ,25501010,7
LL,25504030,43
LLL,20101010,154
LLNW,45101010,6
LLY,35202010,40
LM,40203010,1
LMAT,35101010,51
LMIA,20101010,113
LMNR,30202010,69
LMNX,35203010,117
LMOS,50101010,82
LMRK,60102020,56
LMT,20101010,154
LNC,40301020,92
LNCE,30202030,16
LNDC,30202030,16
LNG,10102040,86
LNN,20106015,59
LNT,55101010,47
LOAN,40204010,89
LOCO,25301040,104
LODE,15104030,14
LOGM,45101010,26
LOPE,25302010,101
LORL,25401025,110
LOV,45101010,26
LOW,25504030,13
LOXO,35201010,77
LPCN,35202010,10
LPG,10102040,28
LPI,10102020,106
LPLA,40203020,1
LPNT,35102020,133
LPSN,45101010,26
LPT,60101010,102
LPTH,45203010,88
LPX,15105010,71
LQ,25301020,75
LQDT,45101010,26
LRAD,45203010,28
LRCX,45301010,64
LRN,25302010,101
LSCC,45301020,27
LSTR,20304020,33
LTBR,20202020,151
LTC,60101050,58
LTRPA,25502020,116
LTRX,45201020,2
LTS,40203020,99
LTXB,40101015,37
LUB,25301040,104
LUK,40201030,28
LUNA,45203010,88
LUV,20302010,65
LVLT,50101010,35
LVNTA,25502020,26
LVS,25301010,132
LWAY,30202030,28
LXP,60101010,102
LXRX,35201010,10
LXU,15101020,139
LYTS,20104010,131
LYV,25401030,23
LZB,25201020,42
M,25503010,120
MA,45102020,156
MAA,60101060,125
MAC,60101070,6
MAIN,40203010,3
MAN,20202010,18
MANH,45103010,128
MANT,45102010,147
MAR,25301020,75
MARA,20202020,155
MARK,45101010,26
MARPS,10102020,53
MAS,20102010,45
MASI,35101010,0
MAT,25202010,28
MATR,45102010,36
MATW,20201070,59
MATX,20303010,33
MBFI,40101015,122
MBI,40301040,34
MBII,15101030,28
MBTF,40101015,115
MBUU,25202010,107
MBWM,40101015,90
MC,40203020,28
MCBC,40101015,9
MCC,40203010,3
MCD,25301040,104
MCEP,10102020,106
MCF,10102020,66
MCHP,45301020,108
MCHX,45101010,26
MCK,35102010,85
MCO,40203040,36
MCRI,25301010,132
MCS,25301020,75
MCY,40301040,76
MD,35102015,0
MDC,25201030,41
MDCA,25401010,38
MDCO,35202010,10
MDLY,40203010,1
MDLZ,30202030,16
MDP,25401040,6
MDR,10101020,119
MDRX,35103010,85
MDSO,35103010,52
MDU,55103010,47
MDVX,35101010,153
MDXG,35201010,44
MED,30302010,105
MEET,45101010,26
MEI,45203020,96
MEIP,35201010,20
MET,40301020,92
MFA,40204010,78
MFNC,40101015,9
MFSF,40101015,115
MG,20202020,59
MGCD,35101010,117
MGEE,55101010,47
MGI,45102020,26
MGLN,35102030,85
MGM,25301010,132
MGNX,35201010,32
MGPI,30201020,48
MGRC,20201070,93
MHH,20202010,6
MHK,25201020,43
MHO,25201030,41
MIC,20305010,47
MICT,20101010,74
MIDD,20106020,59
MIK,25504040,28
MIND,10101020,79
MINI,20201070,93
MITK,45103010,27
MITT,40204010,78
MJN,30202030,28
MKC,30202030,16
MKL,40301040,34
MKSI,45301010,59
MKTX,40203040,98
MLAB,45203010,59
MLHR,20201060,42
MLI,20106020,12
MLM,15102010,111
MLNK,45102020,128
MLP,60102030,69
MLR,20106010,21
MLVF,40102010,90
MMC,40301010,36
MMI,60102040,56
MMLP,10102040,55
MMM,20105010,17
MMP,10102040,55
MMS,45102020,85
MMSI,35101020,51
MN,40203010,1
MNGA,20201050,148
MNI,25401040,15
MNKD,35201010,10
MNOV,35201010,10
MNR,60101020,102
MNRO,25504050,144
MNST,30201030,28
MNTA,35201010,10
MNTX,20106010,39
MO,30203010,84
MOBL,45103010,52
MOC,20201080,45
MOCO,45203010,59
MOD,25101010,142
MODN,45103010,60
MOFG,40101015,115
MOH,35102030,103
MON,15101030,28
MORE,60101060,125
MORN,40203040,1
MOS,15101030,48
MOSY,45301020,27
MOV,25203010,5
MPAA,25101010,7
MPC,10102030,55
MPLX,10102040,73
MPW,60101050,102
MPWR,45301020,54
MPX,25202010,107
MRCC,40203010,3
MRCY,20101010,2
MRIN,45101010,23
MRK,35202010,40
MRLN,40201040,115
MRNS,35202010,10
MRO,10102020,112
MRTN,20304020,33
MRTX,35201010,20
MRVC,45201020,63
MS,40203020,99
MSA,20201060,59
MSB,15104050,28
MSBF,40102010,90
MSCC,45301020,108
MSCI,40203040,36
MSEX,55104010,49
MSFG,40101015,115
MSFT,45103020,27
MSG,25401030,72
MSI,45201020,60
MSL,40101015,9
MSM,20107010,150
MSN,25201010,27
MSON,35101010,44
MSTR,45103010,52
MTB,40101015,122
MTBC,35103010,85
MTD,35203010,59
MTDR,10102020,112
MTEX,30302010,105
MTG,40102010,67
MTGE,40204010,78
MTH,25201030,41
MTN,25301030,56
MTOR,20106010,21
MTR,10102020,53
MTRN,15104020,59
MTRX,10101020,70
MTSC,45203010,74
MTSI,45301020,2
MTW,20106010,39
MTX,15101050,28
MTZ,20103010,70
MU,45301020,135
MUR,10102020,5
MUSA,25504050,5
MVC,40203010,3
MVIS,45203010,30
MVO,10102020,53
MWA,20106020,49
MXC,10102020,66
MXIM,45301020,108
MXL,45301020,2
MXPT,45101010,26
MXWL,45203020,19
MYCC,25301030,152
MYE,15103010,144
MYGN,35201010,117
MYOS,30302010,10
MYRG,20103010,70
NAII,30302010,105
NAME,45101010,26
NANO,45301010,64
NATH,25301040,28
NATI,45203010,60
NAUH,25302010,101
NAV,20106010,21
NAVB,35201010,28
NAVG,40301040,34
NAVI,40202010,101
NBHC,40101015,9
NBIX,35201010,10
NBL,10102020,66
NBN,40101015,9
NBTB,40101015,9
NBY,35202010,28
NC,25201040,13
NCI,20202020,36
NCIT,45102010,147
NCLH,25301020,137
NCMI,25401010,23
NCOM,40101015,9
NCR,45202030,60
NCS,20102010,59
NDAQ,40203040,98
NDLS,25301040,104
NDRO,10102020,53
NDSN,20106020,59
NEE,55101010,114
NEM,15104030,14
NEO,35203010,29
NEOG,35101020,40
NEOT,35201010,10
NEP,55105020,114
NETE,45101010,156
NEU,15101050,17
NEWM,25401040,15
NEWR,45101010,52
NEWS,40201040,3
NEWT,40203010,4
NFBK,40102010,90
NFG,55102010,73
NFLX,25502020,25
NFX,10102020,106
NGHC,40301030,76
NGL,10102040,55
NGS,10101020,94
NGVC,30101030,16
NHC,35102020,80
NHI,60101050,58
NHLD,40203020,99
NHTC,30302010,105
NI,55103010,47
NICK,40202010,4
NJR,55102010,47
NKE,25203020,50
NKSH,40101015,115
NKTR,35202010,20
NL,20201060,141
NLNK,35201010,20
NLS,25202010,5
NLST,45203020,135
NLY,40204010,89
NMFC,40203010,3
NMIH,40102010,67
NMRX,45101010,2
NNBR,20106020,113
NNI,40202010,101
NNN,60101070,102
NNVC,35201010,10
NOC,20101010,154
NOG,10102020,106
NOV,10101020,118
NOW,45103020,60
NP,15105020,138
NPK,20101010,13
NPO,20106020,59
NPTN,45301020,88
NR,10101020,118
NRCIA,35102015,85
NRG,55105010,114
NRIM,40101015,9
NRP,10102050,31
NRT,10102020,53
NRZ,40204010,78
NS,10102030,55
NSA,60101080,93
NSC,20304010,11
NSH,10102040,55
NSIT,45203030,60
NSM,40102010,67
NSP,20202010,81
NSR,45102020,38
NSSC,45203010,45
NSTG,35203010,117
NTAP,45202030,52
NTCT,45201020,63
NTGR,45201020,63
NTIC,15101050,28
NTIP,45201020,155
NTN,25401030,72
NTRI,25502020,105
NTRS,40203010,99
NTWK,45103010,26
NUAN,45103010,62
NUE,15104050,61
NURO,35101010,153
NUS,30302010,105
NUTR,30302010,16
NUVA,35101010,44
NVAX,35201010,32
NVDA,45301020,27
NVEC,45301020,27
NVFY,25201020,42
NVIV,35101010,10
NVR,25201030,41
NVRO,35101010,153
NVTA,35201010,117
NWBI,40102010,9
NWE,55103010,47
NWFL,40101015,115
NWHM,25201030,41
NWL,25201050,28
NWLI,40301020,92
NWN,55102010,94
NWPX,20103010,61
NWSA,25401040,15
NWY,25504010,120
NX,20102010,113
NXRT,60101060,102
NXST,25401020,25
NXTD,45103020,45
NXTM,35101010,0
NYCB,40102010,9
NYMT,40204010,78
NYNY,25301010,132
NYRT,60101040,102
NYT,25401040,15
O,60101070,102
OA,20101010,154
OAK,40203010,1
OAKS,40204010,78
OAS,10102020,112
OBCI,30301010,28
OC,20102010,43
OCC,45201020,88
OCFC,40102010,90
OCIP,15101010,114
OCLR,45201020,88
OCN,40102010,67
OCRX,35202010,10
OCUL,35202010,10
ODC,30301010,40
ODFL,20304020,33
ODP,25504040,26
OESX,20104010,131
OFC,60101040,102
OFG,40101015,37
OFLX,20106020,59
OFS,40203010,3
OGE,55101010,47
OGEN,35201010,10
OGS,55102010,94
OGXI,35201010,77
OHAI,40203010,3
OHI,60101050,58
OHRP,35201010,10
OI,15103010,43
OII,10101020,119
OIS,10101020,118
OKE,10102040,73
OKS,10102040,73
OKSB,40101015,115
OLBK,40101015,9
OLED,45203015,27
OLN,15101010,17
OLP,60101010,102
OMC,25401010,38
OMCL,35103010,36
OME,30202030,40
OMED,35201010,20
OMER,35202010,10
OMEX,20201070,28
OMI,35102010,85
OMN,15101050,17
ON,45301020,108
ONB,40101015,9
ONCE,35201010,10
ONDK,40201040,4
ONTX,35201010,20
ONVI,45101010,60
OPB,40101015,9
OPGN,35201010,117
OPHT,35201010,27
OPK,35201010,10
OPOF,40101015,115
OPTT,20104020,28
OPXA,35201010,10
OPY,40203020,99
ORA,55105020,114
ORBC,50101010,2
ORCL,45103020,60
OREX,35202010,10
ORI,40301040,91
ORIT,40102010,90
ORLY,25504050,7
ORM,40204010,89
ORN,20103010,70
ORRF,40101015,115
OSBC,40101015,9
OSIS,45203010,45
OSK,20106010,21
OSTK,25502020,26
OSUR,35101020,117
OTEL,50101020,82
OTIC,35201010,10
OTTR,55101010,19
OUT,60101080,23
OVAS,35201010,28
OVLY,40101015,9
OXM,25203010,120
OXY,10102010,112
OZRK,40101015,9
P,45101010,23
PAA,10102040,73
PACB,35203010,117
PACW,40101015,9
PAG,25504050,7
PAGP,10102040,73
PAH,15101050,17
PAHC,35202010,40
PANL,20303010,28
PANW,45201020,140
PAR,45203010,60
PARR,10102030,55
PATK,20102010,43
PAY,45203010,156
PAYC,45103010,81
PAYX,45102020,81
PB,40101015,115
PBCT,40101015,122
PBF,10102030,55
PBFX,10102040,55
PBH,35202010,0
PBHC,40102010,90
PBI,20201060,60
PBIP,40102010,90
PBPB,25301040,5
PBT,10102020,53
PBYI,35201010,77
PCAR,20106010,21
PCBK,40101015,9
PCG,55101010,47
PCH,60101080,126
PCLN,25502020,116
PCMI,45203030,60
PCO,20202020,6
PCRX,35202010,153
PCTI,45201020,2
PCTY,45103010,81
PCYG,45103010,128
PCYO,55104010,49
PDCE,10102020,112
PDCO,35102010,40
PDEX,35101010,59
PDFS,45301010,27
PDLI,35201010,28
PDM,60101040,102
PDVW,50101010,27
PE,10102020,106
PEB,60101030,75
PEBK,40101015,115
PEBO,40101015,115
PED,10102020,129
PEG,55103010,47
PEGA,45103010,60
PEGI,55105020,114
PEI,60101070,121
PEIX,10102030,97
PENN,25301010,132
PEP,30201030,16
PER,10102020,53
PERF,25504040,5
PERY,25203010,120
PES,10101010,118
PESI,20201050,95
PETS,25502020,28
PETX,35202010,28
PF,30202030,16
PFBC,40101015,9
PFBI,40101015,115
PFBX,40101015,115
PFE,35202010,10
PFG,40301020,92
PFIE,10101020,59
PFIN,25201040,150
PFIS,40101015,115
PFLT,40203010,3
PFMT,20201070,4
PFNX,35201010,10
PFPT,45103020,140
PFS,40102010,90
PFSI,40102010,67
PFSW,45102010,36
PG,30301010,130
PGC,40101015,122
PGEM,20102010,43
PGNX,35201010,77
PGR,40301040,76
PGRE,60101040,102
PGTI,20102010,43
PH,20106020,74
PHH,40102010,67
PHIIK,10101020,22
PHM,25201030,41
PHMD,35101010,10
PHX,10102020,66
PICO,40201030,49
PIH,40301040,76
PII,25202010,21
PINC,35102015,36
PIR,25504060,13
PJC,40203020,99
PKBK,40101015,90
PKD,10101010,118
PKE,45203020,17
PKG,15103020,138
PKI,35203010,29
PKOH,20301010,113
PKY,60101040,102
PLAB,45301010,27
PLBC,40101015,9
PLCE,25504010,28
PLD,60101020,102
PLOW,20106010,21
PLPC,20104010,96
PLPM,45102020,156
PLT,45201020,27
PLUG,20104010,151
PLUS,45203030,60
PLXS,45203020,87
PM,30203010,28
PMBC,40101015,90
PMC,35102010,68
PMD,35102015,29
PMT,40204010,67
PN,40301010,26
PNC,40101015,122
PNFP,40101015,115
PNK,25301010,72
PNM,55101010,47
PNNT,40203010,3
PNRA,25301040,16
PNW,55101010,47
PODD,35101010,0
POL,15101050,17
POOL,25501010,28
POR,55101010,114
POST,30202030,16
POWI,45301020,54
POWL,20104010,74
PPBI,40101015,9
PPC,30202030,16
PPG,15101050,124
PPHM,35201010,32
PPL,55101010,47
PQ,10102020,106
PRA,40301040,34
PRAA,40202010,4
PRAH,35203010,29
PRCP,45203010,30
PRFT,45102010,36
PRGS,45103020,60
PRGX,45102020,4
PRI,40301020,92
PRIM,20103010,70
PRK,40101015,115
PRKR,45201020,2
PRLB,20106020,30
PRMW,30201030,49
PRO,45103010,60
PROV,40102010,90
PRPH,35202010,28
PRSC,35102015,85
PRSS,25502020,26
PRTO,35201010,10
PRTS,25502020,7
PRU,40301020,92
PRXL,35203010,29
PSA,60101080,93
PSB,60101010,102
PSDV,35203010,10
PSEC,40203010,3
PSMT,30101040,152
PSTB,40101015,115
PSX,10102030,55
PSXP,10102040,55
PTC,45103010,52
PTIE,35202010,153
PTLA,35201010,20
PTN,35201010,10
PTSI,20304020,33
PTX,35202010,153
PVH,25203010,120
PVTB,40101015,122
PW,60101080,102
PWOD,40101015,9
PWR,20103010,70
PX,15101040,59
PXD,10102020,129
PXLW,45301020,127
PZN,40203010,1
PZZA,25301040,104
Q,35203010,85
QADA,45103010,60
QBAK,45202030,52
QCOM,45301020,27
QCRH,40101015,115
QDEL,35101020,117
QEP,10102020,106
QLYS,45103020,140
QNST,45101010,60
QRHC,20201050,22
QRVO,45301020,2
QSII,35103010,85
QTM,45202030,52
QTS,60101080,52
QTWO,45101010,52
QUAD,20201010,62
QUIK,45301020,27
QUMU,45101010,127
QVCA,25502020,26
R,20304020,128
RAD,30101010,68
RAI,30203010,84
RAIL,20106010,11
RAND,40203010,3
RARE,35201010,10
RAS,60101010,102
RATE,45101010,4
RAVE,25301040,104
RAVN,20105010,17
RBC,20104010,74
RBCAA,40101015,9
RBCN,45301010,64
RBPAA,40101015,9
RCII,25504020,56
RCKY,25203020,5
RCL,25301020,137
RCMT,20202020,109
RDC,10101010,119
RDI,25401030,6
RDN,40102010,67
RDNT,35102015,8
RECN,20202020,36
REED,30201030,24
REFR,45203010,27
REG,60101070,121
REGI,10102030,114
REGN,35201010,10
REI,10102020,66
REIS,45101010,56
RELL,45203030,74
RELV,30302010,105
REN,10102020,66
REPH,35201010,153
RES,10101020,118
RESI,40204010,56
RESN,45201020,2
REV,30302010,130
REX,10102030,97
REXR,60101020,102
REXX,10102020,129
RF,40101015,122
RFIL,45203020,96
RGA,40301050,34
RGC,25401030,72
RGCO,55102010,94
RGEN,35201010,29
RGLD,15104030,53
RGLS,35201010,10
RGR,25202010,28
RGS,25302020,130
RGSE,20104010,136
RH,25504060,13
RHI,20202010,18
RHP,60101030,75
RHT,45103020,60
RIBT,30202030,40
RICE,10102020,129
RICK,25301030,104
RIGL,35201010,20
RJF,40203020,99
RKDA,30202010,28
RL,25203010,5
RLGT,20301010,33
RLGY,60102040,56
RLH,25301020,75
RLI,40301040,34
RLJ,60101030,75
RLJE,25401030,25
RLOG,20303010,28
RMAX,60102040,56
RMBS,45301020,135
RMCF,30202030,5
RMD,35101010,28
RMGN,45203010,6
RMP,10102040,57
RMTI,35101010,0
RNET,10101020,35
RNG,45103010,35
RNN,35201010,20
RNST,40101015,37
RNWK,45101010,6
ROCK,20102010,114
ROG,45203015,2
ROIC,60101070,121
ROK,20104010,27
ROKA,35101010,117
ROL,20201050,26
ROLL,20106020,113
ROP,20105010,74
ROST,25504010,120
ROX,30201020,28
ROYT,10102020,53
RP,45103010,60
RPM,15101050,124
RPRX,35202010,10
RPT,60101070,121
RPXC,20202020,155
RRC,10102020,66
RRD,20201010,62
RRGB,25301040,104
RRTS,20304020,33
RS,15104050,61
RSG,20201050,95
RSO,40204010,89
RSPP,10102020,106
RST,45103030,101
RSYS,45203020,60
RT,25301040,104
RTEC,45301010,64
RTIX,35101020,44
RTK,15105010,71
RTN,20101010,154
RTRX,35201010,10
RUBI,45103020,23
RUSHA,20107010,21
RUTH,25301040,104
RVLT,20104010,131
RVNC,35202010,10
RVP,35101020,0
RVSB,40102010,9
RWC,45201020,27
RWT,40204010,78
RXDX,35201010,20
RXII,35201010,10
RXN,20106020,74
RYAM,15101050,17
RYN,60101080,126
SABR,45102020,116
SAEX,10101020,79
SAFM,30202030,16
SAFT,40301040,76
SAGE,35201010,10
SAH,25504050,7
SAIA,20304020,33
SAIC,45102010,147
SAL,40101015,90
SALE,45101010,26
SALM,25401020,26
SAM,30201010,28
SAMG,40203010,99
SANM,45203020,87
SANW,30202010,28
SAR,40203010,3
SASR,40101015,37
SATS,45201020,110
SAVE,20302010,65
SBAC,60101080,56
SBCF,40101015,122
SBCP,40101015,9
SBFG,40101015,115
SBGI,25401020,25
SBH,25504040,130
SBNY,40101015,115
SBR,10102020,53
SBRA,60101050,58
SBSI,40101015,90
SBUX,25301040,24
SC,40202010,4
SCCO,15104025,14
SCG,55103010,47
SCHL,25401040,15
SCHN,15104050,61
SCHW,40203020,99
SCI,25302020,143
SCL,15101050,17
SCLN,35202010,10
SCM,40203010,3
SCMP,35202010,10
SCON,45203015,28
SCS,20201060,42
SCSC,45203030,45
SCSS,25504060,28
SCVL,25504010,50
SCX,20106020,113
SCYX,35202010,10
SDPI,10101020,118
SDR,10102020,53
SDT,10102020,53
SEAC,45103010,127
SEAS,25301030,72
SEB,30202030,48
SEE,15103020,16
SEIC,40203010,1
SEM,35102020,0
SEMG,10102040,55
SENEA,30202030,16
SEP,10102040,73
SERV,25302020,26
SEV,45301020,19
SF,40203020,99
SFBS,40101015,9
SFE,40203010,3
SFLY,25502020,26
SFM,30101030,16
SFNC,40101015,115
SFS,30101030,27
SFST,40101015,9
SGA,25401020,25
SGBK,40101015,9
SGC,25203010,149
SGEN,35201010,20
SGM,40102010,67
SGMA,45203020,87
SGMO,35201010,10
SGMS,25301010,132
SGRP,25401010,26
SGU,55102010,83
SGYP,35201010,10
SHAK,25301040,104
SHBI,40101015,115
SHEN,50102010,82
SHLD,25503010,13
SHLM,15101050,17
SHLO,25101010,113
SHLX,10102040,55
SHO,60101030,75
SHOO,25203020,5
SHOR,45201020,35
SHOS,25504030,13
SHW,15101050,124
SIEB,40203020,98
SIEN,35101020,44
SIF,20101010,113
SIFI,40102010,90
SIGI,40301040,76
SIGM,45301020,63
SINO,20305030,28
SIR,60101010,56
SIRI,25401025,82
SIVB,40101015,99
SIX,25301030,72
SJI,55102010,47
SJM,30202030,16
SJT,10102020,53
SJW,55104010,49
SKT,60101070,121
SKX,25203020,50
SKY,25201030,21
SKYW,20302010,65
SLAB,45301020,108
SLB,10101020,118
SLCA,10101020,22
SLCT,40101015,115
SLG,60101040,102
SLGN,15103010,46
SLM,40202010,101
SLP,35103010,29
SLRC,40203010,3
SM,10102020,106
SMCI,45202030,27
SMED,35102015,95
SMG,15101030,13
SMLP,10102040,57
SMMF,40101015,37
SMP,25101010,7
SMRT,25504010,120
SMSI,45103010,2
SMTC,45301020,108
SN,10102020,129
SNA,20106020,150
SNAK,30202030,16
SNBC,40101015,9
SNC,40301040,76
SNCR,45103010,52
SNFCA,40102010,143
SNH,60101050,58
SNHY,20106020,59
SNI,25401020,25
SNMX,15101050,48
SNOW,25301030,56
SNPS,45103010,27
SNR,60101050,58
SNSS,35201010,20
SNV,40101015,122
SNX,45203030,60
SO,55101010,94
SOFO,45103020,127
SOHO,60101030,75
SON,15103020,46
SONA,40101015,90
SONC,25301040,104
SONS,45201020,35
SP,20201050,149
SPA,20101010,113
SPAN,35101020,28
SPAR,25101010,21
SPB,30301010,13
SPEX,20202020,155
SPG,60101070,121
SPH,55102010,83
SPHS,35201010,77
SPKE,55101010,47
SPLK,45103010,52
SPLP,40201030,12
SPLS,25504040,26
SPN,10101020,118
SPNC,35101020,51
SPOK,50102010,27
SPP,10102020,112
SPPI,35201010,77
SPR,20101010,113
SPRT,45101010,60
SPSC,45101010,128
SPTN,30101020,5
SPWH,25504040,50
SPWR,45301020,136
SQBG,25203010,28
SRC,60101010,102
SRCE,40101015,122
SRCL,20201050,95
SRDX,35101010,117
SRE,55103010,47
SREV,45102010,60
SRI,25101010,21
SRLP,10102040,83
SRNE,35201010,100
SRPT,35201010,10
SRT,45102020,38
SSB,40101015,115
SSBI,40101015,9
SSD,20102010,111
SSFN,40101015,115
SSH,35101010,51
SSI,25504010,120
SSNC,45103010,36
SSNI,45103010,63
SSP,25401020,25
SSTK,45101010,6
SSY,35102020,68
SSYS,45202030,30
STAA,35101020,0
STAG,60101020,102
STAR,60101010,69
STAY,25301020,75
STBA,40101015,37
STBZ,40101015,9
STC,40301040,91
STDY,35202010,153
STFC,40301040,76
STI,40101015,122
STKS,25301040,104
STL,40101015,9
STLD,15104050,61
STLY,25201020,42
STMP,45101010,28
STON,25302020,143
STOR,60101010,102
STRA,25302010,101
STRL,20103010,70
STRM,35103010,85
STRP,50101010,28
STRS,60102030,69
STRT,25101010,45
STS,20106010,21
STT,40203010,1
STWD,40204010,89
STZ,30201020,28
SUI,60101060,125
SUM,15102010,111
SUMR,25202010,28
SUN,10102040,5
SUNS,40203010,3
SUP,25101010,12
SUPN,35202010,10
SVBI,40102010,9
SVT,20104010,49
SVU,30101030,5
SVVC,40203010,3
SWFT,20304020,33
SWK,20106020,150
SWKS,45301020,27
SWM,15105020,138
SWN,10102020,129
SWX,55102010,94
SXC,15104050,31
SXCP,15104050,31
SXE,10102040,73
SXI,20106020,59
SXT,15101050,48
SYBT,40101015,122
SYF,40202010,4
SYK,35101010,44
SYKE,45102020,38
SYMC,45103020,140
SYMX,10101020,114
SYN,35201010,10
SYNA,45301020,27
SYNC,45101010,26
SYNL,15104050,61
SYNT,45102020,36
SYPR,25101010,27
SYX,45203030,27
SYY,30101020,16
T,50101020,82
TA,25504050,104
TACO,25301040,104
TACT,45202030,62
TAHO,15104030,14
TAP,30201010,28
TAST,25301040,104
TAT,10102020,66
TAX,25302020,134
TAYD,20106020,59
TBBK,40101015,4
TBI,20202010,18
TBK,40101015,113
TBNK,40102010,9
TCAP,40203010,3
TCBI,40101015,115
TCBK,40101015,9
TCCO,45201020,35
TCI,60102020,69
TCO,60101070,121
TCON,35201010,20
TCP,10102040,94
TCPC,40203010,3
TCRD,40203010,3
TCS,25504040,26
TDC,45102010,60
TDG,20101010,74
TDS,50102010,82
TDW,10101020,119
TDY,20101010,74
TEAR,35101020,28
TECD,45203030,27
TECH,35203010,29
TEGP,10102040,73
TEN,25101010,59
TENX,35201010,10
TEP,10102040,73
TER,45301010,123
TERP,55105020,114
TESO,10101020,118
TESS,45201020,2
TEX,20106010,39
TFSL,40102010,9
TFX,35101010,0
TG,15101010,17
TGC,10102020,66
TGEN,20102010,59
TGI,20101010,113
TGT,25503020,5
TGTX,35201010,20
THC,35102020,133
THFF,40101015,115
THG,40301040,34
THLD,35201010,20
THO,25102010,21
THR,20104010,59
THRM,25101010,21
THS,30202030,16
THST,30201020,28
TICC,40203010,3
TIF,25504040,5
TIK,20101010,74
TILE,20201060,43
TIME,25401040,15
TIS,30301010,28
TISI,20201050,22
TITN,20107010,39
TIVO,45103020,127
TJX,25504010,13
TKR,20106020,113
TLF,25504010,5
TLLP,10102040,55
TLP,10102040,55
TLYS,25504010,120
TMHC,25201030,41
TMK,40301020,92
TMO,35203010,29
TMP,40101015,37
TMST,15104050,61
TMUS,50102010,82
TNAV,45103010,27
TNC,20106020,28
TNDM,35101010,0
TNET,20202010,81
TNH,15101030,139
TNXP,35201010,10
TOL,25201030,41
TOWN,40101015,37
TOWR,25101010,113
TPC,20103010,70
TPH,25201030,41
TPL,40201030,69
TPVG,40203010,3
TPX,25201020,28
TR,30202030,5
TRC,60102010,69
TRCB,40101015,9
TRCH,10102020,66
TRCO,25401020,25
TREC,15101010,17
TREE,40102010,4
TREX,20102010,28
TRGP,10102040,73
TRIP,25502020,116
TRK,25301030,145
TRMB,45203020,27
TRMK,40101015,37
TRMR,45101010,127
TRN,20106010,11
TRNO,60101020,102
TRNS,20107010,59
TROV,35201010,117
TROW,40203010,1
TROX,15101010,141
TRR,20201050,109
TRS,20106020,74
TRST,40102010,115
TRT,45301010,29
TRUE,45101010,26
TRUP,40301020,28
TRV,40301040,76
TRVN,35201010,10
TRXC,35101010,44
TSBK,40102010,90
TSC,40101015,99
TSCO,25504040,28
TSE,15101010,17
TSLA,25102010,19
TSLX,40203010,3
TSN,30202030,16
TSO,10102030,55
TSQ,25401020,23
TSRO,35201010,20
TSS,45102020,156
TST,40203040,60
TTC,20106015,39
TTEC,45102020,38
TTEK,20201050,109
TTGT,45101010,6
TTI,10101020,118
TTMI,45203020,27
TTOO,35201010,148
TTPH,35202010,10
TTS,25504030,132
TTWO,45103030,72
TUES,25503020,13
TUP,25201050,28
TWI,20106015,39
TWIN,20106010,21
TWMC,25504040,127
TWO,40204010,78
TWOU,45101010,101
TWTR,45101010,26
TWX,25401030,25
TXMD,35202010,10
TXN,45301020,108
TXRH,25301040,104
TXT,20101010,74
TYL,45103010,60
TYPE,45103010,27
TZOO,45101010,26
UAL,20302010,59
UAMY,15104020,28
UAN,15101030,139
UBA,60101070,121
UBCP,40101015,115
UBFO,40101015,9
UBNK,40102010,90
UBNT,45201020,63
UBSH,40101015,115
UBSI,40101015,115
UCBI,40101015,37
UCFC,40102010,90
UCP,25201030,41
UCTT,45301010,64
UDR,60101060,125
UE,60101070,121
UEC,10102050,14
UEIC,25201010,27
UFCS,40301040,76
UFI,25203030,28
UFPI,20102010,71
UFPT,15103020,17
UG,30302010,0
UGI,55102010,83
UHAL,20304020,34
UHS,35102020,133
UHT,60101050,133
UIHC,40301040,76
UIS,45102010,60
ULBI,20104010,19
ULTA,25504040,130
ULTI,45103010,81
UMBF,40101015,99
UMH,60101060,56
UMPQ,40101015,9
UNAM,40301040,76
UNB,40101015,115
UNF,20201070,149
UNFI,30101020,16
UNH,35102030,85
UNM,40301020,92
UNP,20304010,11
UNT,10101010,118
UNTY,40101015,115
UNXL,45203020,17
UPL,10102020,106
UPLD,45103010,60
UPS,20301010,33
UQM,25101010,19
URBN,25504010,120
URG,10102050,14
URI,20107010,39
URRE,10102050,14
USAC,10101020,57
USAK,20304020,33
USAP,15104050,61
USAT,45202030,156
USB,40101010,122
USCR,15102010,111
USDP,10102040,55
USEG,10102020,66
USG,20102010,111
USLM,15102010,104
USM,50102010,82
USNA,30302010,105
USPH,35102020,0
UTEK,45301010,64
UTHR,35201010,10
UTI,25302010,101
UTL,55103010,47
UTMD,35101020,0
UTX,20101010,74
UUU,45203010,14
UVE,40301040,76
UVSP,40101015,37
UVV,30203010,84
UWN,25301010,132
V,45102020,156
VAC,25301020,56
VAL,15101050,124
VALU,40203040,1
VAR,35101010,8
VBTX,40101015,9
VC,25101010,21
VCEL,35201010,10
VCRA,35103010,27
VCYT,35201010,77
VDSI,45103020,52
VEC,20101010,147
VECO,45301010,64
VEEV,35103010,52
VFC,25203010,50
VG,50101010,35
VGR,30203010,84
VGZ,15104030,14
VHC,45103010,35
VHI,15101050,141
VIAB,25401030,25
VICL,35201010,32
VICR,20104010,54
VII,45203010,127
VIRC,20201060,42
VIRT,40203020,98
VISI,20202010,18
VIVO,35101020,29
VKTX,35201010,10
VLGEA,30101030,16
VLO,10102030,97
VLP,10102040,55
VLY,40101015,115
VMC,15102010,111
VMI,20103010,59
VMW,45103020,60
VNCE,25203010,120
VNDA,35201010,10
VNO,60101040,102
VNOM,10102020,106
VNTV,45102020,156
VOC,10102020,53
VOXX,25101010,27
VOYA,40201020,92
VPG,45203010,59
VRA,25203010,5
VRML,35101010,117
VRNS,45103020,52
VRNT,45103010,147
VRSK,20202020,36
VRSN,45101010,26
VRTU,45102010,60
VRTV,20107010,62
VRTX,35201010,10
VSAR,35201010,10
VSAT,45201020,110
VSEC,20201070,128
VSH,45203015,54
VSI,25504040,105
VSLR,55105020,136
VSR,20201050,109
VSTM,35201010,20
VSTO,25202010,50
VTL,35201010,10
VTNR,10102030,22
VTR,60101050,58
VUZI,25201010,27
VVC,55103010,47
VVI,20201070,38
VVUS,35202010,10
VWR,35203010,29
VZ,50101020,82
W,25502020,13
WAB,20106010,11
WABC,40101015,90
WAC,40102010,67
WAFD,40102010,9
WAGE,20202010,85
WAIR,20101010,113
WAL,40101015,5
WASH,40101015,122
WAT,35203010,29
WATT,20104010,28
WBA,30101010,68
WBMD,45101010,85
WBS,40101015,122
WCC,20107010,96
WCG,35102030,103
WD,40102010,52
WDAY,45103010,81
WDC,45202030,52
WDFC,30301010,28
WDR,40203010,1
WEC,55103010,47
WEN,25301040,104
WERN,20304020,33
WES,10102040,112
WEX,45102020,156
WEYS,25501010,50
WFBI,40101015,115
WFC,40101010,122
WFM,30101030,16
WG,10101020,70
WGL,55102010,47
WGO,25102010,21
WGP,10102040,112
WHF,40203010,56
WHG,40203010,1
WHLR,60101070,121
WHR,25201040,13
WIFI,50102010,2
WIN,50101020,82
WINA,25504040,26
WIRE,20104010,96
WK,45103010,52
WLB,10102050,31
WLDN,20202020,109
WLFC,20107010,65
WLH,25201030,41
WLK,15101010,17
WLKP,15101010,17
WLL,10102020,106
WM,20201050,95
WMAR,25504040,50
WMB,10102040,73
WMC,40204010,78
WMK,30101030,5
WMLP,10102050,31
WMS,20102010,49
WMT,30101040,5
WNC,20106010,59
WNR,10102030,55
WNRL,10102040,55
WOOF,35102020,40
WOR,15104050,61
WPC,60101010,102
WPCS,45102010,27
WPG,60101070,156
WPT,10102040,55
WPX,10102020,106
WPZ,10102040,73
WR,55101010,47
WRB,40301040,34
WRE,60101010,102
WRI,60101070,121
WRLD,40202010,4
WSBC,40101015,37
WSBF,40102010,9
WSCI,20106020,113
WSFS,40102010,115
WSM,25504060,5
WSO,20107010,142
WSR,60101070,102
WST,35101020,146
WSTC,20201060,35
WSTG,45203030,60
WSTL,45201020,2
WTBA,40101015,115
WTFC,40101015,37
WTI,10102020,66
WTR,55104010,49
WTS,20106020,49
WTT,45203010,2
WTW,25302020,105
WU,45102020,26
WVVI,30201020,28
WWD,20106020,74
WWE,25401030,25
WWW,25203020,50
WY,60101080,126
WYN,25301020,56
WYNN,25301010,132
WYY,45102010,52
X,15104050,61
XBIT,35201010,32
XCO,10102020,129
XCRA,45301010,123
XEC,10102020,106
XEL,55101010,47
XENT,35202010,0
XGTI,45201020,27
XHR,60101030,75
XLNX,45301020,27
XLRN,35201010,10
XNCR,35201010,20
XOM,10102010,55
XOMA,35201010,32
XON,35201010,10
XONE,20106020,30
XOXO,45101010,26
XPL,15104040,53
XPLR,45202030,27
XPO,20301010,33
XRAY,35101020,40
XRM,20106020,28
XRX,45202030,62
XXII,30203010,84
XYL,20106020,49
Y,40301050,34
YHOO,45101010,26
YORW,55104010,49
YRCW,20304020,33
YUM,25301040,104
YUMA,10102020,66
YUME,45101010,23
Z,45101010,56
ZAGG,25201010,27
ZAIS,40203010,1
ZAYO,50101010,35
ZBRA,45203010,45
ZEN,45103010,26
ZEUS,15104050,61
ZFGN,35201010,10
ZGNX,35202010,10
ZION,40101015,122
ZIOP,35201010,10
ZIXI,45103010,52
ZN,10102020,66
ZNGA,45103030,26
ZOES,25301040,104
ZTS,35202010,40
ZUMZ,25504010,120
AFAM,35102015,80
AGTC,35201010,10
ATU,20106020,74
BDE,25202010,28
DORM,25101010,7
FRSH,25301040,5
GHC,25302010,101
HRTX,35201010,153
IMDZ,35201010,77
INFU,35102015,0
KWR,15101050,61
LIVE,25201020,26
MPO,10102020,66
ONVO,35201010,44
OZM,40203010,1
PTEN,10101010,118
XBKS,40101015,115
NYLD,55105010,114
VBIV,35201010,32
