symbol,gics8,kmeans.text_068
ADSK,45103010,0
AMSWA,45103010,0
ANSS,45103010,0
ASUR,45103010,0
AWRE,45103010,0
AZPN,45103010,0
BSQR,45103010,0
CALD,45103010,0
CTRL,45203010,0
CVG,45102020,0
CVLT,45103020,0
DATA,45103020,0
DWCH,45103010,0
EGAN,45101010,0
EGOV,45101010,0
ELLI,45103010,0
EPAM,45102010,0
EXA,45103010,0
FALC,45103020,0
FICO,45103010,0
FIVN,45101010,0
GUID,45103010,0
GWRE,45103010,0
HHS,25401010,0
HUBS,45103010,0
INWK,20201010,0
JIVE,45103010,0
MRIN,45101010,0
MSI,45201020,0
MXPT,45101010,0
NATI,45203010,0
NCR,45202030,0
NEWR,45101010,0
NTWK,45103010,0
ORCL,45103020,0
PAR,45203010,0
PAYC,45103010,0
PCMI,45203030,0
PDFS,45301010,0
PEGA,45103010,0
PLUS,45203030,0
PRGS,45103020,0
PTC,45103010,0
QADA,45103010,0
QSII,35103010,0
RMD,35101010,0
ROK,20104010,0
SPRT,45101010,0
SRT,45102020,0
TWOU,45101010,0
TYL,45103010,0
UPLD,45103010,0
WSTG,45203030,0
ZEN,45103010,0
ABCB,40101015,1
ACFC,40102010,1
AF,40102010,1
BCBP,40101015,1
BHBK,40101015,1
BKJ,40101015,1
BKMU,40102010,1
BLMT,40102010,1
BNCL,40102010,1
CACB,40101015,1
CBF,40101015,1
CBFV,40101015,1
CFBK,40102010,1
CFFN,40102010,1
CHFN,40102010,1
CNBKA,40101015,1
CSBK,40102010,1
CWAY,40102010,1
DCOM,40102010,1
EBMT,40101015,1
EBSB,40102010,1
EBTC,40101015,1
ESSA,40102010,1
FBNK,40101015,1
FCCY,40101015,1
FFIC,40101015,1
FFNW,40101015,1
FNLC,40101015,1
FNWB,40101015,1
FSB,40101015,1
FSBK,40101015,1
GBCI,40101015,1
GBNK,40101015,1
GSBC,40101015,1
GWB,40101015,1
HAFC,40101015,1
HBCP,40102010,1
HFBC,40102010,1
HFWA,40101015,1
HMNF,40102010,1
HTBI,40101015,1
INBK,40101015,1
INDB,40101015,1
ISBC,40101015,1
KRNY,40102010,1
LARK,40101015,1
LION,40101015,1
LTXB,40101015,1
MFSF,40101015,1
MLVF,40102010,1
MSBF,40102010,1
NBN,40101015,1
NFBK,40102010,1
NYCB,40102010,1
OCFC,40102010,1
ORIT,40102010,1
PBHC,40102010,1
PBIP,40102010,1
PFS,40102010,1
PKBK,40101015,1
PROV,40102010,1
PWOD,40101015,1
RVSB,40102010,1
SBCP,40101015,1
SIFI,40102010,1
SONA,40101015,1
STL,40101015,1
TBBK,40101015,1
TBNK,40102010,1
TFSL,40102010,1
TREE,40102010,1
TSBK,40102010,1
UBNK,40102010,1
UCFC,40102010,1
VLY,40101015,1
WABC,40101015,1
WAFD,40102010,1
WAL,40101015,1
AR,10102020,2
ATO,55102010,2
BWP,10102040,2
CELP,20201050,2
CLNE,10102030,2
CNNX,10102040,2
CNX,10102050,2
COP,10102020,2
CPK,55102010,2
CQH,10102040,2
CQP,10102040,2
DGAS,55102010,2
DM,10102040,2
DVN,10102020,2
EGAS,55102010,2
EQGP,10102040,2
EQM,10102040,2
EQT,10102020,2
L,40301030,2
LNG,10102040,2
MDU,55103010,2
MIC,20305010,2
NFG,55102010,2
NGS,10101020,2
NJR,55102010,2
NWN,55102010,2
OGS,55102010,2
OXY,10102010,2
PDCE,10102020,2
RGCO,55102010,2
RMP,10102040,2
SJI,55102010,2
SO,55101010,2
SPH,55102010,2
SPKE,55101010,2
SRE,55103010,2
SWN,10102020,2
SWX,55102010,2
SYMX,10101020,2
TCP,10102040,2
UGI,55102010,2
UNT,10101010,2
USAC,10101020,2
WGL,55102010,2
WMB,10102040,2
PTEN,10101010,2
ACNB,40101015,3
AMNB,40101015,3
AROW,40101015,3
ASRV,40101015,3
BFIN,40102010,3
BHLB,40101015,3
BMTC,40101015,3
BXS,40101015,3
CAC,40101015,3
CART,40101015,3
CASH,40102010,3
CBU,40101015,3
CCNE,40101015,3
CHCO,40101015,3
CHMG,40101015,3
CIVB,40101015,3
CTBI,40101015,3
CVBF,40101015,3
CVLY,40101015,3
CZNC,40101015,3
FCBC,40101015,3
FCF,40101015,3
FDEF,40102010,3
FFIN,40101015,3
FIBK,40101015,3
FMNB,40101015,3
FRC,40101015,3
FRME,40101015,3
HBNC,40101015,3
LKFN,40101015,3
MBTF,40101015,3
MOFG,40101015,3
MSFG,40101015,3
NBTB,40101015,3
NWBI,40102010,3
OPOF,40101015,3
ORRF,40101015,3
PEBO,40101015,3
PFIS,40101015,3
PRK,40101015,3
QCRH,40101015,3
RBCAA,40101015,3
RNST,40101015,3
SASR,40101015,3
SBFG,40101015,3
SBNY,40101015,3
SFNC,40101015,3
SHBI,40101015,3
SMMF,40101015,3
SRCE,40101015,3
SSB,40101015,3
STBA,40101015,3
SYBT,40101015,3
TCBI,40101015,3
THFF,40101015,3
TMP,40101015,3
TOWN,40101015,3
TRST,40102010,3
UBSI,40101015,3
UVSP,40101015,3
WASH,40101015,3
WSBC,40101015,3
WSBF,40102010,3
WSFS,40102010,3
AGM,40102010,4
AGNC,40204010,4
AI,40203010,4
ANH,40204010,4
ARI,40204010,4
ARR,40204010,4
BXMT,40204010,4
CHMI,40204010,4
CIM,40204010,4
CMO,40204010,4
DX,40204010,4
EARN,40204010,4
EFC,40203010,4
IMH,40102010,4
IVR,40204010,4
LADR,40204010,4
LOAN,40204010,4
MFA,40204010,4
MITT,40204010,4
MTG,40102010,4
MTGE,40204010,4
NLY,40204010,4
NRZ,40204010,4
NSM,40102010,4
NYMT,40204010,4
OAKS,40204010,4
OCN,40102010,4
PFSI,40102010,4
PHH,40102010,4
PMT,40204010,4
RDN,40102010,4
RSO,40204010,4
RWT,40204010,4
SGM,40102010,4
TWO,40204010,4
WAC,40102010,4
WMC,40204010,4
ZAIS,40203010,4
AAME,40301030,5
AEL,40301020,5
AET,35102030,5
AFG,40301030,5
AFH,40301040,5
AFL,40301020,5
AFSI,40301040,5
AIG,40301030,5
AIZ,40301030,5
AJG,40301010,5
ALL,40301040,5
AMSF,40301040,5
ANAT,40301030,5
BRO,40301010,5
BWINB,40301040,5
CI,35102030,5
CIA,40301020,5
CINF,40301040,5
CNA,40301040,5
CNO,40301020,5
CNXR,35103010,5
DGICA,40301040,5
EBIX,45103010,5
EHTH,40301010,5
EIG,40301040,5
EMCI,40301040,5
ERIE,40301040,5
FAC,40301040,5
FAF,40301040,5
FFG,40301020,5
FNF,40301040,5
FNFV,40201030,5
FNHC,40301040,5
GNW,40301020,5
GTS,35102030,5
GWGH,40201040,5
HALL,40301040,5
HCHC,20103010,5
HCI,40301040,5
HIG,40301030,5
HIIQ,40301010,5
HMN,40301030,5
HRG,30301010,5
HRTG,40301040,5
IHC,40301020,5
IPCC,40301040,5
KINS,40301040,5
KMPR,40301030,5
LNC,40301020,5
MBI,40301040,5
MCY,40301040,5
MET,40301020,5
MKL,40301040,5
NAVG,40301040,5
NGHC,40301030,5
NMIH,40102010,5
NWLI,40301020,5
ORI,40301040,5
PFG,40301020,5
PGR,40301040,5
PIH,40301040,5
PRA,40301040,5
PRI,40301020,5
PRU,40301020,5
RGA,40301050,5
RLI,40301040,5
SAFT,40301040,5
SIGI,40301040,5
SNC,40301040,5
SNFCA,40102010,5
STFC,40301040,5
THG,40301040,5
TMK,40301020,5
TRV,40301040,5
UFCS,40301040,5
UHAL,20304020,5
UIHC,40301040,5
UNAM,40301040,5
UNM,40301020,5
UVE,40301040,5
VRSK,20202020,5
WRB,40301040,5
Y,40301050,5
ACRX,35202010,6
AMPH,35202010,6
ANIK,35101020,6
BDSI,35202010,6
CARA,35201010,6
COLL,35202010,6
DEPO,35202010,6
DRRX,35202010,6
EGLT,35202010,6
FLXN,35201010,6
HYH,35101020,6
IGC,35202010,6
IRWD,35201010,6
KMPH,35202010,6
MDCO,35202010,6
NURO,35101010,6
NVIV,35101010,6
NVRO,35101010,6
PETX,35202010,6
PTIE,35202010,6
PTX,35202010,6
REPH,35201010,6
STDY,35202010,6
TRVN,35201010,6
ZGNX,35202010,6
HRTX,35201010,6
ADC,60101070,7
AKR,60101070,7
BFS,60101070,7
BRX,60101070,7
CBL,60101070,7
CDR,60101070,7
DDR,60101070,7
FRT,60101070,7
KIM,60101070,7
KRG,60101070,7
MAC,60101070,7
PEI,60101070,7
REG,60101070,7
ROIC,60101070,7
RPT,60101070,7
SKT,60101070,7
TCO,60101070,7
UBA,60101070,7
UE,60101070,7
WHLR,60101070,7
WRI,60101070,7
AAWW,20301010,8
AIR,20101010,8
AIRI,20101010,8
AL,20107010,8
ALGT,20302010,8
AMBR,45101010,8
ARMK,25301040,8
ATSG,20301010,8
AYR,20107010,8
CVU,20101010,8
DAL,20302010,8
DHX,45101010,8
DNOW,20107010,8
DXPE,20107010,8
ECPG,40202010,8
ERA,10101020,8
FTAI,20107010,8
GOGO,45101010,8
HEI,20101010,8
HII,20101010,8
HON,20105010,8
INT,10102030,8
ISSC,20101010,8
JBLU,20302010,8
KLXI,20101010,8
LQDT,45101010,8
LUV,20302010,8
MANH,45103010,8
MLNK,45102020,8
MOC,20201080,8
NAME,45101010,8
OMI,35102010,8
PANL,20303010,8
PCYG,45103010,8
PINC,35102015,8
PRAA,40202010,8
PRGX,45102020,8
R,20304020,8
SPR,20101010,8
SYX,45203030,8
TBI,20202010,8
TGI,20101010,8
TISI,20201050,8
TRN,20106010,8
TXT,20101010,8
VEC,20101010,8
VSEC,20201070,8
WAIR,20101010,8
WCC,20107010,8
WLFC,20107010,8
ACET,35102010,9
ALB,15101050,9
AMRS,10102030,9
ASH,15101050,9
ASH,15101050,9
AXTA,15101050,9
BCPC,15101050,9
BERY,15103010,9
BLL,15103010,9
BMS,15103020,9
CBT,15101010,9
CCF,15101050,9
CCK,15103010,9
CDXS,15101050,9
CE,15101050,9
CLW,15105020,9
DD,15101020,9
DOW,15101020,9
EMN,15101020,9
FF,15101050,9
FMC,15101030,9
FOE,15101050,9
GEF,15103010,9
GLT,15105020,9
GPK,15103020,9
HUN,15101020,9
HXL,20101010,9
IOSP,15101050,9
IP,15103020,9
IPHS,15101050,9
KMG,15101050,9
KRA,15101050,9
KRO,15101010,9
KS,15105020,9
MMM,20105010,9
MTRN,15104020,9
MTX,15101050,9
NP,15105020,9
OI,15103010,9
OLN,15101010,9
OMN,15101050,9
PAH,15101050,9
PKG,15103020,9
POL,15101050,9
PPG,15101050,9
RPM,15101050,9
RYAM,15101050,9
SCL,15101050,9
SHLM,15101050,9
SHW,15101050,9
SLCA,10101020,9
SLGN,15103010,9
SON,15103020,9
SWM,15105020,9
SXT,15101050,9
TG,15101010,9
TREC,15101010,9
TROX,15101010,9
TSE,15101010,9
VAL,15101050,9
VRTV,20107010,9
WLK,15101010,9
CVS,30101010,10
DPLO,35102015,10
ESRX,35102015,10
FRED,25503020,10
MGLN,35102030,10
PMC,35102010,10
RAD,30101010,10
SSY,35102020,10
WBA,30101010,10
APA,10102020,11
AREX,10102020,11
AXAS,10102020,11
BBG,10102020,11
CHK,10102020,11
CPE,10102020,11
CRC,10102020,11
CRZO,10102020,11
CXO,10102020,11
ECR,10102020,11
EGN,10102020,11
EPE,10102020,11
ESTE,10102020,11
EVEP,10102020,11
FANG,10102020,11
GST,10102020,11
LGCY,10102020,11
LPI,10102020,11
MTDR,10102020,11
NFX,10102020,11
NOG,10102020,11
OAS,10102020,11
PE,10102020,11
PED,10102020,11
PXD,10102020,11
QEP,10102020,11
REN,10102020,11
REXX,10102020,11
RICE,10102020,11
RSPP,10102020,11
SMLP,10102040,11
UPL,10102020,11
VNOM,10102020,11
WLL,10102020,11
WPX,10102020,11
XEC,10102020,11
AEIS,45301010,12
AETI,20104010,12
AMSC,20104010,12
AOSL,45301020,12
AT,55105010,12
CMCO,20106020,12
CPN,55105010,12
CUI,45203010,12
DPW,20104010,12
ENS,20104010,12
ESP,20104010,12
FCEL,20104010,12
IPWR,20104010,12
MPWR,45301020,12
OPTT,20104020,12
PEGI,55105020,12
POWI,45301020,12
QBAK,45202030,12
SPWR,45301020,12
TERP,55105020,12
VICR,20104010,12
AAMC,60102040,13
AB,40203010,13
AMG,40203010,13
AMP,40203010,13
AMTD,40203020,13
APAM,40203010,13
ARES,40203010,13
BEN,40203010,13
BGCP,40203020,13
BK,40203010,13
BLK,40203010,13
BPFH,40101015,13
BX,40203010,13
CBG,60102040,13
CME,40203040,13
CNS,40203010,13
COWN,40203020,13
DEA,60101040,13
DHIL,40203010,13
ENV,45101010,13
ETFC,40203020,13
EV,40203010,13
EVR,40203020,13
FBRC,40203020,13
FIG,40203010,13
FII,40203010,13
FNGN,40203010,13
FSAM,40203010,13
GBL,40203010,13
GCAP,40203020,13
GHL,40203020,13
GROW,40203010,13
GS,40203020,13
HNNA,40203010,13
IBKR,40203020,13
ICE,40203040,13
IFMI,40203030,13
INTL,40203020,13
ITG,40203020,13
IVZ,40203010,13
JMP,40203030,13
JNS,40203010,13
KCG,40203020,13
LC,40202010,13
LM,40203010,13
LPLA,40203020,13
LTS,40203020,13
LUK,40201030,13
MDLY,40203010,13
MKTX,40203040,13
MN,40203010,13
MORN,40203040,13
MS,40203020,13
MSCI,40203040,13
NDAQ,40203040,13
NHLD,40203020,13
NTRS,40203010,13
OAK,40203010,13
OPY,40203020,13
PJC,40203020,13
PZN,40203010,13
RJF,40203020,13
SAMG,40203010,13
SCHW,40203020,13
SEIC,40203010,13
SF,40203020,13
SIEB,40203020,13
SSNC,45103010,13
STT,40203010,13
TROW,40203010,13
UMBF,40101015,13
VALU,40203040,13
VIRT,40203020,13
VOYA,40201020,13
WDR,40203010,13
WHG,40203010,13
OZM,40203010,13
ACCO,20201060,14
ACU,20201060,14
AMC,25401030,14
AMZN,25502020,14
AOI,30203010,14
BBY,25504020,14
BGFV,25504040,14
BID,25302020,14
BREW,30201010,14
CCL,25301020,14
CCO,25401010,14
CHKE,25203010,14
CLCT,25302020,14
CLUB,25301030,14
CRWS,25203030,14
CSS,25201050,14
CTHR,25203010,14
DKS,25504040,14
EBAY,45101010,14
EBF,20201010,14
EDUC,25501010,14
ELY,25202010,14
ENR,30301010,14
ESCA,25202010,14
ETH,25201020,14
ETSY,25502020,14
EXPE,25502020,14
EZPW,40202010,14
FCFS,40202010,14
FGL,40301020,14
FL,25504010,14
FLWS,25502020,14
FTD,25502020,14
GRPN,25502020,14
HAS,25202010,14
HSNI,25502020,14
ICON,25203010,14
IPAR,30302010,14
ISIG,25401010,14
JAKK,25202010,14
JOUT,25202010,14
KATE,25203010,14
KOSS,25201010,14
LOV,45101010,14
LTRPA,25502020,14
MAT,25202010,14
MC,40203020,14
MO,30203010,14
MOV,25203010,14
MSG,25401030,14
MSN,25201010,14
MYCC,25301030,14
NCLH,25301020,14
NLS,25202010,14
ODP,25504040,14
OSTK,25502020,14
PBPB,25301040,14
PCLN,25502020,14
PM,30203010,14
PRSS,25502020,14
PSMT,30101040,14
PVH,25203010,14
QVCA,25502020,14
RAI,30203010,14
RCL,25301020,14
RH,25504060,14
ROX,30201020,14
SAM,30201010,14
SCSS,25504060,14
SGRP,25401010,14
SHOO,25203020,14
SPLS,25504040,14
SPWH,25504040,14
SQBG,25203010,14
STMP,45101010,14
STZ,30201020,14
SUMR,25202010,14
TAP,30201010,14
THST,30201020,14
TLF,25504010,14
TPX,25201020,14
TRIP,25502020,14
TSCO,25504040,14
TWMC,25504040,14
TZOO,45101010,14
VAC,25301020,14
VSTO,25202010,14
W,25502020,14
WGO,25102010,14
WSM,25504060,14
BDE,25202010,14
AKS,15104050,15
AP,15104050,15
ATI,15104050,15
BRSS,20106020,15
CIX,20201060,15
CMC,15104050,15
CRS,15104050,15
FRD,15104050,15
HNH,15104050,15
IDSA,20201050,15
IEP,20105010,15
MLI,20106020,15
NCS,20102010,15
NUE,15104050,15
NWPX,20103010,15
RS,15104050,15
SCHN,15104050,15
SHLO,25101010,15
SPLP,40201030,15
STLD,15104050,15
SYNL,15104050,15
TMST,15104050,15
USAP,15104050,15
VMI,20103010,15
WOR,15104050,15
X,15104050,15
ZEUS,15104050,15
KWR,15101050,15
AMT,60101080,16
ARCW,20106020,16
ATNI,50101020,16
AVNW,45201020,16
CAMP,45201020,16
CCI,60101080,16
CSCO,45201020,16
DISH,25401025,16
DSPG,45301020,16
EVOL,45103010,16
GNCMA,50101020,16
IDCC,45201020,16
IDSY,45203010,16
IFON,45201020,16
LMRK,60102020,16
NTGR,45201020,16
QCOM,45301020,16
RSYS,45203020,16
SHEN,50102010,16
SMSI,45103010,16
SPEX,20202020,16
SSNI,45103010,16
STRP,50101010,16
T,50101020,16
TDS,50102010,16
TESS,45201020,16
TMUS,50102010,16
TNAV,45103010,16
UBNT,45201020,16
USM,50102010,16
WIFI,50102010,16
WPCS,45102010,16
WSTL,45201020,16
XGTI,45201020,16
ABDC,40203010,17
ACSF,40203010,17
AINV,40203010,17
APO,40203010,17
ARCC,40203010,17
BKCC,40203010,17
CG,40203010,17
CMFN,40203010,17
CODI,40201030,17
CPTA,40203010,17
CSWC,40203010,17
FDUS,40203010,17
FSC,40203010,17
FSFR,40203010,17
FSIC,40203010,17
GAIN,40203010,17
GBDC,40203010,17
GLAD,40203010,17
GSBD,40203010,17
GSVC,40203010,17
HCAP,40203010,17
HRZN,40203010,17
HTGC,40203010,17
KCAP,40203010,17
MAIN,40203010,17
MCC,40203010,17
MRCC,40203010,17
MVC,40203010,17
NEWS,40201040,17
NMFC,40203010,17
OFS,40203010,17
OHAI,40203010,17
PFLT,40203010,17
PNNT,40203010,17
PSEC,40203010,17
RAND,40203010,17
SAR,40203010,17
SCM,40203010,17
SLRC,40203010,17
SUNS,40203010,17
SVVC,40203010,17
TCAP,40203010,17
TCPC,40203010,17
TCRD,40203010,17
TICC,40203010,17
TPVG,40203010,17
TSLX,40203010,17
WHF,40203010,17
AXTI,45301010,18
CMTL,45201020,18
CREE,45301020,18
DGII,45201020,18
ESE,20106020,18
INVE,45203010,18
LGL,45203015,18
MITK,45103010,18
MRCY,20101010,18
MTSI,45301020,18
MXL,45301020,18
OCLR,45201020,18
ORBC,50101010,18
PCTI,45201020,18
PKE,45203020,18
PRKR,45201020,18
QRVO,45301020,18
RESN,45201020,18
RWC,45201020,18
SWKS,45301020,18
UEIC,25201010,18
VC,25101010,18
WTT,45203010,18
ZAGG,25201010,18
ZBRA,45203010,18
BYD,25301010,19
CACQ,25301010,19
CHDN,25301010,19
CNTY,25301010,19
CPHC,25301010,19
CZR,25301010,19
DDE,25301010,19
ERI,25301010,19
FLL,25301010,19
GLPI,60101080,19
GPIC,25301010,19
LVS,25301010,19
MCRI,25301010,19
MGM,25301010,19
NYNY,25301010,19
PENN,25301010,19
PNK,25301010,19
SGMS,25301010,19
UWN,25301010,19
WYNN,25301010,19
ADGE,55105010,20
AMRC,20103010,20
ASTE,20106010,20
BWEN,20104020,20
CPST,20104020,20
ENPH,20104010,20
FSLR,45301020,20
GENC,20106020,20
GHM,20106020,20
HASI,40204010,20
HTM,55105020,20
MNST,30201030,20
NEP,55105020,20
NRG,55105010,20
ORA,55105020,20
RGSE,20104010,20
TGEN,20102010,20
THR,20104010,20
TSLA,25102010,20
VSLR,55105020,20
NYLD,55105010,20
ARAY,35101010,21
ARRY,35201010,21
AVEO,35201010,21
CLSN,35201010,21
CLVS,35201010,21
EXEL,35201010,21
FHCO,30302010,21
GTXI,35201010,21
ICAD,35103010,21
ISR,35201010,21
LOXO,35201010,21
OPHT,35201010,21
PBYI,35201010,21
PGNX,35201010,21
RXDX,35201010,21
SIEN,35101020,21
VSAR,35201010,21
VBIV,35201010,21
ADXS,35201010,22
AMGN,35201010,22
AST,35201010,22
ATHX,35201010,22
ATRA,35201010,22
BCLI,35201010,22
BIOC,35201010,22
BLCM,35201010,22
BLFS,35101020,22
BLUE,35201010,22
BMY,35202010,22
BTX,35201010,22
CALA,35201010,22
CBLI,35201010,22
CBMG,35201010,22
CERS,35101020,22
CLRB,35201010,22
CTIC,35201010,22
CTSO,35101010,22
CUR,35201010,22
CYTX,35201010,22
ECYT,35202010,22
EGRX,35201010,22
FATE,35201010,22
FBIO,35201010,22
GNCA,35201010,22
HSGX,35201010,22
HTBX,35201010,22
IMMU,35201010,22
IMUC,35201010,22
INO,35201010,22
JUNO,35201010,22
KITE,35201010,22
KOOL,35101010,22
LBIO,35201010,22
NLNK,35201010,22
OGXI,35201010,22
OPXA,35201010,22
OVAS,35201010,22
PLUG,20104010,22
PPHM,35201010,22
SPPI,35201010,22
SRNE,35201010,22
TGTX,35201010,22
THLD,35201010,22
VCEL,35201010,22
VSTM,35201010,22
VTL,35201010,22
ZIOP,35201010,22
IMDZ,35201010,22
AMID,10102040,23
APC,10102020,23
CEQP,10102040,23
CVX,10102010,23
EEP,10102040,23
EEQ,10102040,23
ENBL,10102040,23
ENLC,10102040,23
ENLK,10102030,23
EPD,10102040,23
ETE,10102040,23
HES,10102020,23
KMI,10102040,23
MPLX,10102040,23
MRO,10102020,23
OKE,10102040,23
OKS,10102040,23
PAA,10102040,23
PAGP,10102040,23
SEMG,10102040,23
SEP,10102040,23
SPP,10102020,23
SXE,10102040,23
TEGP,10102040,23
TEP,10102040,23
TRGP,10102040,23
WES,10102040,23
WGP,10102040,23
WPZ,10102040,23
AJRD,20101010,24
ALOG,35101010,24
ALOT,45202030,24
ARTX,20101010,24
ASCMA,25302020,24
ATRO,20101010,24
AVAV,20101010,24
BA,20101010,24
COL,20101010,24
CUB,20101010,24
DRAD,35102015,24
DYSL,45203010,24
ESL,20101010,24
FBHS,20102010,24
FLIR,45203010,24
FSS,20106010,24
GD,20101010,24
HRS,45201020,24
IDN,45203010,24
ISNS,45203010,24
ITI,45203010,24
KTOS,20101010,24
LDOS,45102010,24
LLL,20101010,24
LMT,20101010,24
MG,20202020,24
MTSC,45203010,24
NOC,20101010,24
NSSC,45203010,24
OA,20101010,24
OSIS,45203010,24
RDNT,35102015,24
ROP,20105010,24
RTN,20101010,24
TDY,20101010,24
ULBI,20104010,24
UTX,20101010,24
VAR,35101010,24
AAON,20102010,25
AOS,20102010,25
APU,55102010,25
CCC,15101010,25
CMP,15104020,25
COKE,30201030,25
COT,30201030,25
CUO,20102010,25
DCI,20106020,25
DXYN,25201020,25
ERII,20106020,25
EVI,20107010,25
FGP,55102010,25
FIX,20103010,25
FUL,15101050,25
GRC,20106020,25
HDS,20107010,25
LII,20102010,25
LXU,15101020,25
MAS,20102010,25
MBII,15101030,25
MOD,25101010,25
MWA,20106020,25
RKDA,30202010,25
ROCK,20102010,25
RXN,20106020,25
SERV,25302020,25
SGU,55102010,25
WHR,25201040,25
WMAR,25504040,25
WMS,20102010,25
WSO,20107010,25
AAPL,45202030,26
ADBE,45103010,26
AHC,25401040,26
AMBA,45301020,26
APPS,45103010,26
ATVI,45103030,26
AVID,45202030,26
BCOV,45101010,26
BDR,45201020,26
BKS,25504040,26
BLIN,45101010,26
BOX,45101010,26
BTN,25401030,26
BV,45101010,26
CCUR,45202030,26
CIDM,25401030,26
CLRO,45201020,26
DAKT,45203010,26
DGLY,45203010,26
DLB,45203015,26
DMRC,45103010,26
EA,45103030,26
ENT,25401030,26
FB,45101010,26
FUEL,45101010,26
GAIA,25502020,26
GCI,25401040,26
GLUU,45103010,26
GME,25504020,26
GPRO,25201010,26
HEAR,25201010,26
HLIT,45201020,26
IMMR,45202030,26
INOD,45102020,26
INUV,45101010,26
IPG,25401010,26
JCOM,45101010,26
LAMR,60101080,26
LEE,25401040,26
LLNW,45101010,26
LYV,25401030,26
MARK,45101010,26
MCHX,45101010,26
MEET,45101010,26
MHH,20202010,26
MNI,25401040,26
NCMI,25401010,26
NEWM,25401040,26
NTIP,45201020,26
NWSA,25401040,26
NYT,25401040,26
OMC,25401010,26
OUT,60101080,26
P,45101010,26
PCO,20202020,26
PN,40301010,26
PXLW,45301020,26
QUMU,45101010,26
RATE,45101010,26
RLJE,25401030,26
RMGN,45203010,26
RNWK,45101010,26
RRD,20201010,26
RUBI,45103020,26
SALE,45101010,26
SEAC,45103010,26
SOFO,45103020,26
SSTK,45101010,26
SYNC,45101010,26
TIME,25401040,26
TIVO,45103020,26
TRMR,45101010,26
TST,40203040,26
TTGT,45101010,26
TTWO,45103030,26
TWTR,45101010,26
TYPE,45103010,26
VII,45203010,26
VUZI,25201010,26
VVI,20201070,26
XOXO,45101010,26
YHOO,45101010,26
YUME,45101010,26
ZNGA,45103030,26
AGX,20103010,27
DY,20103010,27
EME,20103010,27
EXP,15102010,27
FAST,20107010,27
FSTR,20106020,27
GLDD,20103010,27
GV,20103010,27
GVA,20103010,27
IESC,20103010,27
IIIN,20102010,27
MLM,15102010,27
MTRX,10101020,27
MTZ,20103010,27
MYRG,20103010,27
ORN,20103010,27
PRIM,20103010,27
SSD,20102010,27
STRL,20103010,27
SUM,15102010,27
TEX,20106010,27
TPC,20103010,27
USCR,15102010,27
VMC,15102010,27
WG,10101020,27
AMCX,25401020,28
BBGI,25401020,28
CBS,25401020,28
CMCSA,25401025,28
CMLS,25401020,28
DIS,25401030,28
DISCA,25401020,28
EMMS,25401020,28
ETM,25401020,28
EVC,25401020,28
FOXA,25401030,28
GTN,25401020,28
HMTV,25401020,28
MDP,25401040,28
NFLX,25502020,28
NXST,25401020,28
SALM,25401020,28
SBGI,25401020,28
SGA,25401020,28
SIRI,25401025,28
SNI,25401020,28
SSP,25401020,28
TRCO,25401020,28
TSQ,25401020,28
TWX,25401030,28
VIAB,25401030,28
WWE,25401030,28
AA,15104010,29
AAC,35102020,29
ACTG,20202020,29
AEGN,20103010,29
AIN,20106020,29
AJX,40204010,29
ALCO,30202010,29
ALGN,35101020,29
ALK,20302010,29
ALQA,35101020,29
AMWD,20102010,29
APD,15101040,29
APDN,45203010,29
APOG,20102010,29
ARII,20106010,29
ASFI,40202010,29
ASPN,10101020,29
ASTC,20101010,29
ATRS,35101020,29
AVD,15101030,29
AVY,15103020,29
AWI,20102010,29
AYI,20104010,29
AZZ,20104020,29
BC,25202010,29
BCC,15105010,29
BECN,20107010,29
BLDR,20102010,29
BOOM,20106020,29
BRC,20201010,29
BRKS,45301010,29
BXC,20107010,29
CBOE,40203040,29
CBPX,20102010,29
CDTI,25101010,29
CENX,15104010,29
CFI,25203030,29
CGNX,45203010,29
CLF,15104050,29
CLIR,45203010,29
CMT,15101010,29
CNK,25401030,29
COOL,45103030,29
CRDS,45202030,29
CRR,10101020,29
CSV,25302020,29
CTAS,20201070,29
CVO,20201010,29
CXW,60101080,29
DJCO,25401040,29
DOOR,20102010,29
DSS,45103020,29
DVD,25301030,29
DWSN,10101020,29
DYNT,35101010,29
EFII,45202030,29
EFOI,20104010,29
ELMD,35101010,29
ELON,45203020,29
EMAN,45203020,29
EMES,10102030,29
ETRM,35101010,29
EVA,10102050,29
EYES,35101010,29
FEIM,45203010,29
FMSA,10101020,29
FONR,35101010,29
FTEK,20201050,29
FTK,15101050,29
FUN,25301030,29
GEO,60101080,29
GEOS,10101020,29
GFF,20102010,29
GIGA,45203010,29
GOOGL,45101010,29
GRA,15101050,29
GT,25101020,29
GVP,45103010,29
HA,20302010,29
HAYN,15104050,29
HBP,20107010,29
HCLP,10101020,29
HDNG,20106020,29
HDSN,20201050,29
HOG,25102020,29
HPQ,45202030,29
HRB,25302020,29
HSC,20106020,29
HURC,20106020,29
IBP,25201030,29
ICCC,35201010,29
IMI,45301020,29
INGN,35101010,29
INVT,45201020,29
IO,10101020,29
IPI,15101030,29
IRBT,25201040,29
IRMD,35101010,29
ISCA,25301030,29
JBT,20106020,29
JYNT,35102020,29
KEM,45203020,29
KEX,20303010,29
KOP,15101010,29
LABL,20201010,29
LAKE,25203010,29
LBY,25201050,29
LDL,20106020,29
LDR,35102015,29
LECO,20106020,29
LEU,10102050,29
LL,25504030,29
LNN,20106015,29
LPG,10102040,29
LPX,15105010,29
LRAD,45203010,29
LTBR,20202020,29
LVNTA,25502020,29
LYTS,20104010,29
MARA,20202020,29
MATW,20201070,29
MBUU,25202010,29
MDXG,35201010,29
MGRC,20201070,29
MHK,25201020,29
MICT,20101010,29
MON,15101030,29
MPX,25202010,29
MRLN,40201040,29
MSA,20201060,29
MTW,20106010,29
MYOS,30302010,29
NBY,35202010,29
NEU,15101050,29
NL,20201060,29
NPK,20101010,29
NTIC,15101050,29
NWL,25201050,29
OBCI,30301010,29
OC,20102010,29
OCIP,15101010,29
OESX,20104010,29
OFLX,20106020,29
OLED,45203015,29
OMCL,35103010,29
OMEX,20201070,29
OTTR,55101010,29
PATK,20102010,29
PDLI,35201010,29
PETS,25502020,29
PFIE,10101020,29
PGEM,20102010,29
PGTI,20102010,29
PHMD,35101010,29
PLT,45201020,29
PODD,35101010,29
POOL,25501010,29
PX,15101040,29
QUAD,20201010,29
RAVN,20105010,29
REFR,45203010,29
RGC,25401030,29
RGR,25202010,29
RHP,60101030,29
RIBT,30202030,29
RLOG,20303010,29
RMAX,60102040,29
ROL,20201050,29
RTK,15105010,29
RVLT,20104010,29
RVP,35101020,29
SANW,30202010,29
SAVE,20302010,29
SCI,25302020,29
SCON,45203015,29
SEAS,25301030,29
SFLY,25502020,29
SIX,25301030,29
SKY,25201030,29
SKYW,20302010,29
SNMX,15101050,29
STON,25302020,29
SUP,25101010,29
SYPR,25101010,29
TACT,45202030,29
TAX,25302020,29
TEN,25101010,29
TILE,20201060,29
TNC,20106020,29
TNDM,35101010,29
TREX,20102010,29
TRK,25301030,29
TRUP,40301020,29
TTS,25504030,29
UAL,20302010,29
UAMY,15104020,29
UFI,25203030,29
UFPI,20102010,29
UFPT,15103020,29
UNF,20201070,29
UNXL,45203020,29
USG,20102010,29
UUU,45203010,29
UVV,30203010,29
VOXX,25101010,29
VPG,45203010,29
WATT,20104010,29
WLKP,15101010,29
WNC,20106010,29
WRLD,40202010,29
WVVI,30201020,29
XON,35201010,29
XONE,20106020,29
XPLR,45202030,29
XRM,20106020,29
XXII,30203010,29
LIVE,25201020,29
ABR,40204010,30
ACRE,40204010,30
AIV,60101060,30
ALEX,60102010,30
AXR,20201070,30
BRG,60101060,30
CHCI,25201030,30
CORR,60101080,30
CSGP,45101010,30
CTO,60102010,30
CTT,60101080,30
DEL,15105010,30
EPR,60101080,30
FOR,60102030,30
FPI,60101080,30
FRPH,60102020,30
HF,60102040,30
HHC,60102030,30
JCAP,60101080,30
JLL,60102040,30
JOE,60102010,30
LAND,60101080,30
LMNR,30202010,30
MLP,60102030,30
MMI,60102040,30
MNR,60101020,30
MTN,25301030,30
PCH,60101080,30
PLD,60101020,30
PW,60101080,30
RAS,60101010,30
RDI,25401030,30
REIS,45101010,30
RESI,40204010,30
RLGY,60102040,30
RYN,60101080,30
SBAC,60101080,30
SNOW,25301030,30
SRC,60101010,30
STAR,60101010,30
STC,40301040,30
STOR,60101010,30
STRS,60102030,30
STWD,40204010,30
TRC,60102010,30
UDR,60101060,30
UMH,60101060,30
VGR,30203010,30
WD,40102010,30
WPC,60101010,30
WY,60101080,30
Z,45101010,30
ABCO,20202020,31
ADMA,35201010,31
ASGN,20202010,31
BEAT,35102015,31
CTLT,35202010,31
DXCM,35101010,31
FORR,45102010,31
HSII,20202010,31
HSON,20202010,31
INCR,35203010,31
INOV,35103010,31
KFY,20202010,31
MAN,20202010,31
MASI,35101010,31
MDSO,35103010,31
MDVX,35101010,31
PFE,35202010,31
PRAH,35203010,31
PRXL,35203010,31
Q,35203010,31
SCYX,35202010,31
ONVO,35201010,31
ARKR,25301040,32
BBRG,25301040,32
BDL,25301040,32
BH,25301040,32
BJRI,25301040,32
BLMN,25301040,32
BOJA,25301040,32
BWLD,25301040,32
CAKE,25301040,32
CBRL,25301040,32
CHUY,25301040,32
CMG,25301040,32
DAVE,25301040,32
DENN,25301040,32
DIN,25301040,32
DNKN,25301040,32
DRI,25301040,32
EAT,25301040,32
FRGI,25301040,32
GRUB,45101010,32
GTIM,25301040,32
HABT,25301040,32
JACK,25301040,32
KONA,25301040,32
LOCO,25301040,32
LUB,25301040,32
MCD,25301040,32
NDLS,25301040,32
NTN,25401030,32
PZZA,25301040,32
RAVE,25301040,32
RICK,25301030,32
RRGB,25301040,32
RT,25301040,32
RUTH,25301040,32
SHAK,25301040,32
SONC,25301040,32
STKS,25301040,32
TA,25504050,32
TACO,25301040,32
TAST,25301040,32
TXRH,25301040,32
WEN,25301040,32
YUM,25301040,32
ZOES,25301040,32
ABBV,35201010,33
ABIO,35201010,33
ACAD,35201010,33
ACHN,35201010,33
ACOR,35201010,33
ADMP,35202010,33
ADMS,35201010,33
ADRO,35201010,33
AERI,35202010,33
AGEN,35201010,33
AGIO,35201010,33
AGRX,35202010,33
AKAO,35202010,33
AKBA,35201010,33
ALDR,35201010,33
ALDX,35201010,33
ALIM,35202010,33
ALNY,35201010,33
ALXN,35201010,33
AMAG,35201010,33
AMPE,35202010,33
ANIP,35202010,33
ANTH,35201010,33
APRI,35202010,33
ARDM,35202010,33
ARDX,35201010,33
ARNA,35201010,33
ARQL,35201010,33
ARWR,35201010,33
ASMB,35202010,33
ATNM,35201010,33
BCRX,35201010,33
BIIB,35201010,33
BLPH,35101010,33
BMRN,35201010,33
BPMC,35201010,33
BPTH,35202010,33
BSTC,35201010,33
CAPN,35101010,33
CAPR,35201010,33
CASI,35201010,33
CBAY,35202010,33
CDTX,35201010,33
CELG,35201010,33
CEMP,35202010,33
CERU,35201010,33
CFRX,35201010,33
CHRS,35201010,33
CLDX,35201010,33
CMRX,35201010,33
CNAT,35201010,33
CNCE,35201010,33
CORI,35202010,33
CORT,35202010,33
CPRX,35201010,33
CRBP,35201010,33
CRIS,35201010,33
CRMD,35201010,33
CTRV,35202010,33
CYCC,35201010,33
CYTK,35201010,33
CYTR,35201010,33
DERM,35202010,33
DRNA,35201010,33
DVAX,35201010,33
EBIO,35201010,33
EBS,35201010,33
ENTA,35201010,33
EPZM,35201010,33
ESPR,35201010,33
EVOK,35202010,33
FCSC,35201010,33
FGEN,35201010,33
FLKS,35202010,33
FOLD,35201010,33
FPRX,35201010,33
GALE,35201010,33
GALT,35201010,33
GERN,35201010,33
GILD,35201010,33
GNVC,35201010,33
HALO,35201010,33
HEB,35201010,33
IBIO,35201010,33
ICPT,35201010,33
IDRA,35201010,33
IMGN,35201010,33
IMMY,35202010,33
IMNP,35201010,33
INCY,35201010,33
INFI,35201010,33
INSM,35201010,33
INSY,35201010,33
ITCI,35202010,33
ITEK,35201010,33
JAGX,35202010,33
JNP,35202010,33
KERX,35201010,33
KIN,35201010,33
KPTI,35201010,33
LGND,35201010,33
LIFE,35201010,33
LJPC,35201010,33
LPCN,35202010,33
LXRX,35201010,33
MEIP,35201010,33
MGNX,35201010,33
MNKD,35201010,33
MNOV,35201010,33
MNTA,35201010,33
MRNS,35202010,33
MRTX,35201010,33
NBIX,35201010,33
NEOT,35201010,33
NKTR,35202010,33
NNVC,35201010,33
NVAX,35201010,33
OCRX,35202010,33
OCUL,35202010,33
OGEN,35201010,33
OHRP,35201010,33
OMED,35201010,33
OMER,35202010,33
ONCE,35201010,33
ONTX,35201010,33
OREX,35202010,33
OTIC,35201010,33
PCRX,35202010,33
PFNX,35201010,33
PRTO,35201010,33
PSDV,35203010,33
PTLA,35201010,33
PTN,35201010,33
RARE,35201010,33
REGN,35201010,33
RGEN,35201010,33
RGLS,35201010,33
RIGL,35201010,33
RMTI,35101010,33
RNN,35201010,33
RPRX,35202010,33
RTRX,35201010,33
RVNC,35202010,33
RXII,35201010,33
SAGE,35201010,33
SCLN,35202010,33
SCMP,35202010,33
SGEN,35201010,33
SGMO,35201010,33
SGYP,35201010,33
SNSS,35201010,33
SPHS,35201010,33
SRPT,35201010,33
SSH,35101010,33
SUPN,35202010,33
SYN,35201010,33
TCON,35201010,33
TENX,35201010,33
TNXP,35201010,33
TSRO,35201010,33
TTPH,35202010,33
TXMD,35202010,33
UTHR,35201010,33
VICL,35201010,33
VKTX,35201010,33
VNDA,35201010,33
VRTX,35201010,33
VVUS,35202010,33
XBIT,35201010,33
XENT,35202010,33
XLRN,35201010,33
XNCR,35201010,33
XOMA,35201010,33
ZFGN,35201010,33
AGTC,35201010,33
ADI,45301020,34
AMD,45301020,34
ARW,45203030,34
AVT,45203030,34
BDC,45203015,34
CAVM,45301020,34
CDNS,45103010,34
CEVA,45301020,34
CRUS,45301020,34
CY,45301020,34
DAIO,45203020,34
DIOD,45301020,34
DRAM,45202030,34
FORM,45301010,34
GSIT,45301020,34
IDTI,45301020,34
INTC,45301020,34
IPHI,45301020,34
IXYS,45301020,34
KEYS,45203010,34
KN,45203015,34
LSCC,45301020,34
MCHP,45301020,34
MOSY,45301020,34
MSCC,45301020,34
MU,45301020,34
MXIM,45301020,34
MXWL,45203020,34
NLST,45203020,34
NPTN,45301020,34
NVDA,45301020,34
NVEC,45301020,34
ON,45301020,34
QUIK,45301020,34
RMBS,45301020,34
ROG,45203015,34
SIGM,45301020,34
SLAB,45301020,34
SMCI,45202030,34
SMTC,45301020,34
SNPS,45103010,34
SYNA,45301020,34
TXN,45301020,34
VSH,45203015,34
WDC,45202030,34
XLNX,45301020,34
ARCI,25504040,35
ATR,15103010,35
BGS,30202030,35
BOBE,25301040,35
CAG,30202030,35
CALM,30202030,35
CAPL,10102040,35
CASY,30101030,35
CAW,30302010,35
CENTA,30301010,35
CHD,30301010,35
CHEF,30101020,35
CL,30301010,35
CLX,30301010,35
CORE,25501010,35
COST,30101040,35
COTY,30302010,35
CPB,30202030,35
CST,25504050,35
CVGW,30202030,35
DF,30202030,35
DG,25503020,35
DPS,30201030,35
EL,30302010,35
FARM,30202030,35
FDP,30202010,35
FIZZ,30201030,35
FLO,30202030,35
FRPT,30202030,35
GIS,30202030,35
GNC,25504040,35
HAIN,30202030,35
HELE,25201040,35
HRL,30202030,35
HSY,30202030,35
IFF,15101050,35
IMKTA,30101030,35
JBSS,30202030,35
JJSF,30202030,35
JMBA,25301040,35
JVA,30202030,35
K,30202030,35
KMB,30301010,35
KO,30201030,35
LANC,30202030,35
LCUT,25201050,35
LFVN,30302010,35
LNCE,30202030,35
LNDC,30202030,35
LWAY,30202030,35
MDLZ,30202030,35
MED,30302010,35
MJN,30202030,35
MKC,30202030,35
MTEX,30302010,35
NAII,30302010,35
NATH,25301040,35
NC,25201040,35
NGVC,30101030,35
NHTC,30302010,35
NTRI,25502020,35
NUS,30302010,35
NUTR,30302010,35
ODC,30301010,35
OME,30202030,35
PBH,35202010,35
PEP,30201030,35
PF,30202030,35
PG,30301010,35
PNRA,25301040,35
POST,30202030,35
PPC,30202030,35
PRPH,35202010,35
REED,30201030,35
RELV,30302010,35
REV,30302010,35
RGS,25302020,35
RMCF,30202030,35
SAFM,30202030,35
SBH,25504040,35
SBUX,25301040,35
SEB,30202030,35
SEE,15103020,35
SENEA,30202030,35
SFM,30101030,35
SFS,30101030,35
SJM,30202030,35
SMG,15101030,35
SNAK,30202030,35
SPB,30301010,35
SPTN,30101020,35
SUN,10102040,35
SVU,30101030,35
SYY,30101020,35
THS,30202030,35
TIS,30301010,35
TR,30202030,35
TSN,30202030,35
TUP,25201050,35
ULTA,25504040,35
UNFI,30101020,35
USNA,30302010,35
VLGEA,30101030,35
VSI,25504040,35
WDFC,30301010,35
WFM,30101030,35
WMK,30101030,35
WTW,25302020,35
ACHC,35102020,36
ADUS,35102015,36
AHPI,35101010,36
AIQ,35102015,36
AMED,35102015,36
AMS,35102015,36
ANTM,35102030,36
ATHN,35103010,36
BAX,35101010,36
BFAM,25302010,36
BIOS,35102015,36
CAH,35102010,36
CCRN,35102015,36
CERN,35103010,36
CHE,35102015,36
CIVI,35102015,36
CNC,35102030,36
CPSI,35103010,36
CRCM,45101010,36
CRVL,35102015,36
CYH,35102020,36
DVA,35102015,36
DVCR,35102020,36
ENSG,35102020,36
EVHC,35102015,36
HCA,35102020,36
HCSG,20201070,36
HLS,35102020,36
HLTH,35102015,36
HMSY,35103010,36
HQY,35102030,36
HUM,35102030,36
IVC,35101010,36
JNJ,35202010,36
KND,35102020,36
LHCG,35102015,36
LPNT,35102020,36
MD,35102015,36
MDRX,35103010,36
MOH,35102030,36
NRCIA,35102015,36
NXTM,35101010,36
PRSC,35102015,36
SEM,35102020,36
THC,35102020,36
UHS,35102020,36
UHT,60101050,36
UNH,35102030,36
USPH,35102020,36
WAGE,20202010,36
WBMD,45101010,36
WCG,35102030,36
AFAM,35102015,36
INFU,35102015,36
ABMD,35101010,37
ABT,35101010,37
ANGO,35101010,37
ATEC,35101010,37
ATRC,35101010,37
ATRI,35101020,37
AVGR,35101010,37
AXGN,35101010,37
BCR,35101010,37
BIOL,35101010,37
BSX,35101010,37
BVX,35101010,37
CASM,35101010,37
CGNT,35101010,37
CNMD,35101010,37
COO,35101020,37
CRY,35101010,37
CSII,35101010,37
CUTR,35101010,37
ELGX,35101020,37
ENTL,35101010,37
EW,35101010,37
EXAC,35101010,37
GMED,35101010,37
HOLX,35101010,37
HRC,35101010,37
IART,35101010,37
ICUI,35101020,37
IRIX,35101010,37
ISRG,35101010,37
KTWO,35101010,37
LMAT,35101010,37
MMSI,35101020,37
MSON,35101010,37
NUVA,35101010,37
RTIX,35101020,37
SPAN,35101020,37
SPNC,35101020,37
STAA,35101020,37
SYK,35101010,37
TFX,35101010,37
TRXC,35101010,37
UG,30302010,37
UTMD,35101020,37
ALE,55101010,38
AM,10102040,38
ARTNA,55104010,38
AWK,55104010,38
AWR,55104010,38
BMI,45203010,38
BRN,10102020,38
CDZI,55104010,38
CTWS,55104010,38
CVEO,20201070,38
CWT,55104010,38
ECL,15101050,38
ENSV,10101020,38
FELE,20106020,38
HWKN,15101010,38
ITRI,45203010,38
LAYN,20103010,38
MSEX,55104010,38
PCYO,55104010,38
PICO,40201030,38
PRMW,30201030,38
SJW,55104010,38
SVT,20104010,38
WTR,55104010,38
WTS,20106020,38
XYL,20106020,38
YORW,55104010,38
ADM,30202010,39
AMTX,10102030,39
ANDE,30101020,39
BG,30202010,39
CF,15101030,39
DAR,30202010,39
GEVO,10102030,39
GPRE,10102030,39
INGR,30202010,39
MGPI,30201020,39
MOS,15101030,39
PEIX,10102030,39
REGI,10102030,39
REX,10102030,39
TNH,15101030,39
UAN,15101030,39
VLO,10102030,39
AAT,60101010,40
ACC,60101060,40
AHH,60101010,40
ALX,60101070,40
APTS,60101060,40
ARE,60101040,40
BDN,60101040,40
BRT,60101060,40
BXP,60101040,40
CLI,60101040,40
CMCT,40204010,40
CPT,60101060,40
CUZ,60101040,40
CXP,60101040,40
DCT,60101020,40
DEI,60101040,40
DLR,60101080,40
DOC,60101050,40
DRE,60101020,40
EGP,60101020,40
ELS,60101060,40
EQC,60101040,40
EQR,60101060,40
ESBA,60101010,40
ESRT,60101010,40
ESS,60101060,40
EXR,60101080,40
FPO,60101010,40
FR,60101020,40
FSP,60101040,40
GGP,60101070,40
GOOD,60101010,40
GOV,60101040,40
GPT,60101010,40
GTY,60101070,40
HIW,60101040,40
HPP,60101040,40
HR,60101050,40
HTA,60101050,40
IRET,60101010,40
IRT,60101060,40
KRC,60101040,40
LPT,60101010,40
LXP,60101010,40
MPW,60101050,40
NNN,60101070,40
NXRT,60101060,40
NYRT,60101040,40
O,60101070,40
OFC,60101040,40
OLP,60101010,40
ORM,40204010,40
PDM,60101040,40
PGRE,60101040,40
PKY,60101040,40
PSB,60101010,40
REXR,60101020,40
SIR,60101010,40
SLG,60101040,40
SPG,60101070,40
STAG,60101020,40
TCI,60102020,40
TRNO,60101020,40
VNO,60101040,40
WRE,60101010,40
WSR,60101070,40
ACLS,45301010,41
AMAT,45301010,41
AMKR,45301010,41
ASYS,45301010,41
CCMP,45301010,41
COHR,45203010,41
CVV,45301010,41
CYBE,45301010,41
DDD,45202030,41
ENTG,45301010,41
ESIO,45203010,41
FARO,45203010,41
IIVI,45203015,41
IPGP,45203020,41
IVAC,45202030,41
KLAC,45301010,41
KOPN,45301020,41
LRCX,45301010,41
MKSI,45301010,41
MVIS,45203010,41
NANO,45301010,41
NDSN,20106020,41
PLAB,45301010,41
PRCP,45203010,41
PRLB,20106020,41
RBCN,45301010,41
RTEC,45301010,41
SCX,20106020,41
SSYS,45202030,41
TAYD,20106020,41
UCTT,45301010,41
UTEK,45301010,41
VECO,45301010,41
AMH,60101060,42
AVHI,25201030,42
BZH,25201030,42
CCS,25201030,42
CVCO,25201030,42
DHI,25201030,42
GRBK,25201030,42
HOV,25201030,42
KBH,25201030,42
LEN,25201030,42
LGIH,25201030,42
MDC,25201030,42
MHO,25201030,42
MTH,25201030,42
NVR,25201030,42
NWHM,25201030,42
PHM,25201030,42
TMHC,25201030,42
TOL,25201030,42
TPH,25201030,42
UCP,25201030,42
WLH,25201030,42
ABM,20201050,43
ACM,20103010,43
BAH,45102010,43
BBSI,20202010,43
CBZ,20202020,43
CDI,20202010,43
CRAI,20202020,43
CRAY,45202030,43
CRTN,45102010,43
CTG,45102010,43
CTSH,45102010,43
DLHC,20202010,43
EDGW,45102010,43
EEI,20201050,43
EGL,20101010,43
ENG,10101020,43
EXLS,45102020,43
EXPO,20202020,43
FCN,20202020,43
FLR,20103010,43
GPX,20202010,43
HCKT,45102010,43
HIL,20202020,43
HURN,20202020,43
ICFI,20202020,43
III,45102020,43
IT,45102010,43
JEC,20103010,43
JOB,20202010,43
KBR,20103010,43
KELYA,20202010,43
KFRC,20202010,43
MANT,45102010,43
MMC,40301010,43
MMS,45102020,43
NCI,20202020,43
NSA,60101080,43
PRFT,45102010,43
RCMT,20202020,43
RECN,20202020,43
RHI,20202010,43
SAIC,45102010,43
SYNT,45102020,43
TRR,20201050,43
TTEK,20201050,43
VISI,20202010,43
VRTU,45102010,43
VSR,20201050,43
WLDN,20202020,43
AHGP,10102050,44
AMRK,40201040,44
ARLP,10102050,44
AUMN,15104040,44
BTU,10102050,44
CDE,15104045,44
CLD,10102050,44
FCX,15104025,44
FELP,10102050,44
GMO,15104020,44
GORO,15104030,44
HCC,15104050,44
HL,15104045,44
HNRG,10102050,44
LODE,15104030,44
NEM,15104030,44
NRP,10102050,44
SCCO,15104025,44
SXC,15104050,44
SXCP,15104050,44
TAHO,15104030,44
UEC,10102050,44
URG,10102050,44
URRE,10102050,44
VGZ,15104030,44
WLB,10102050,44
WMLP,10102050,44
ACTA,45101010,45
ACXM,45102010,45
ADP,45102020,45
ADS,45102020,45
AGYS,45203030,45
AKAM,45101010,45
ANET,45201020,45
ANGI,45101010,45
ARC,20201060,45
ARIS,45101010,45
ATEN,45103020,45
BCOR,45101010,45
BLKB,45103010,45
BNFT,45101010,45
BR,45102020,45
BRCD,45201020,45
BVSN,45101010,45
CA,45103020,45
CACI,45102010,45
CARB,45101010,45
CDW,45203030,45
CLGX,45102020,45
CONE,60101080,45
COR,60101080,45
COUP,45101010,45
COVS,45103020,45
CRM,45103010,45
CSGS,45102020,45
CSLT,35103010,45
CSOD,45101010,45
CSPI,45102010,45
CTXS,45103010,45
CUDA,45103020,45
DBD,45202030,45
DFT,60101080,45
DGI,20101010,45
DLX,20201010,45
DNB,20202020,45
DST,45102020,45
ECOM,45101010,45
EFX,20202020,45
EGHT,45103010,45
EIGI,45101010,45
ENOC,45103010,45
EQIX,60101080,45
EXTR,45201020,45
FDS,40203040,45
FEYE,45103020,45
FFIV,45201020,45
FNJN,45103020,45
FTNT,45103020,45
GDDY,45101010,45
GIMO,45103020,45
GSB,45103020,45
HDP,45101010,45
HIVE,45201020,45
HMNY,45102010,45
HSTM,35103010,45
IBM,45102010,45
IMPV,45103020,45
INFN,45201020,45
INTX,20201070,45
IPAS,45101010,45
IRM,60101080,45
ISDR,45101010,45
JKHY,45102020,45
JNPR,45201020,45
KEYW,20101010,45
LOGM,45101010,45
LPSN,45101010,45
LTRX,45201020,45
MATR,45102010,45
MCK,35102010,45
MCO,40203040,45
MDCA,25401010,45
MOBL,45103010,45
MODN,45103010,45
MSFT,45103020,45
MSTR,45103010,45
MTBC,35103010,45
NCIT,45102010,45
NMRX,45101010,45
NOW,45103020,45
NSIT,45203030,45
NSP,20202010,45
NSR,45102020,45
NTAP,45202030,45
NTCT,45201020,45
NUAN,45103010,45
ONDK,40201040,45
ONVI,45101010,45
PANW,45201020,45
PAYX,45102020,45
PBI,20201060,45
PCTY,45103010,45
PDVW,50101010,45
PFMT,20201070,45
PFPT,45103020,45
PFSW,45102010,45
PLXS,45203020,45
PRO,45103010,45
QLYS,45103020,45
QNST,45101010,45
QTM,45202030,45
QTS,60101080,45
QTWO,45101010,45
RHT,45103020,45
RNG,45103010,45
RP,45103010,45
RPXC,20202020,45
SABR,45102020,45
SFE,40203010,45
SHOR,45201020,45
SNCR,45103010,45
SNX,45203030,45
SP,20201050,45
SPLK,45103010,45
SPOK,50102010,45
SPSC,45101010,45
SREV,45102010,45
STRM,35103010,45
SYKE,45102020,45
SYMC,45103020,45
TCS,25504040,45
TDC,45102010,45
TECD,45203030,45
TNET,20202010,45
TRMB,45203020,45
TRUE,45101010,45
TTEC,45102020,45
UIS,45102010,45
ULTI,45103010,45
VCRA,35103010,45
VDSI,45103020,45
VEEV,35103010,45
VMW,45103020,45
VRNS,45103020,45
VRNT,45103010,45
VRSN,45101010,45
WDAY,45103010,45
WK,45103010,45
WYY,45102010,45
XRX,45202030,45
ZIXI,45103010,45
ACIW,45103010,46
AXP,40202010,46
BCO,20201080,46
CASS,45102020,46
CATM,45102020,46
EEFT,45102020,46
EPAY,45103010,46
EVTC,45102020,46
FIS,45102020,46
FISV,45102020,46
FLT,45102020,46
GDOT,40202010,46
GPN,45102020,46
HAWK,45102020,46
INTU,45103010,46
JTPY,45102020,46
MA,45102020,46
MGI,45102020,46
NETE,45101010,46
NEWT,40203010,46
NNI,40202010,46
NXTD,45103020,46
PAY,45203010,46
PLPM,45102020,46
SYF,40202010,46
TSS,45102020,46
USAT,45202030,46
V,45102020,46
VNTV,45102020,46
WEX,45102020,46
WPG,60101070,46
WU,45102020,46
AAP,25504050,47
ABG,25504050,47
ABTL,45101010,47
ALLY,40202010,47
ALSN,20106010,47
AN,25504050,47
ATLC,40202010,47
AXL,25101010,47
AZO,25504050,47
BLBD,20106010,47
BWA,25101010,47
CACC,40202010,47
CAR,20304020,47
CDK,45103010,47
CPRT,20201070,47
CPS,25101010,47
CPSS,40202010,47
CRMT,25504050,47
CTB,25101020,47
CVGI,20106010,47
DAN,25101010,47
F,25102010,47
FENX,25501010,47
FORD,25203010,47
FOXF,25101010,47
GM,25102010,47
GNTX,25101010,47
GPC,25501010,47
GPI,25504050,47
HTZ,20304020,47
HZO,25504040,47
KAR,20201070,47
KMX,25504050,47
LAD,25504050,47
LKQ,25501010,47
MLR,20106010,47
MNRO,25504050,47
MPAA,25101010,47
MTOR,20106010,47
NAV,20106010,47
NICK,40202010,47
ORLY,25504050,47
OSK,20106010,47
PAG,25504050,47
PCAR,20106010,47
PII,25202010,47
PRTS,25502020,47
RUSHA,20107010,47
SAH,25504050,47
SC,40202010,47
SEV,45301020,47
SMP,25101010,47
SPAR,25101010,47
SRI,25101010,47
STS,20106010,47
THO,25102010,47
THRM,25101010,47
DORM,25101010,47
BPT,10102020,48
CHKR,10102020,48
CRT,10102020,48
DMLP,10102020,48
ECT,10102020,48
HGT,10102020,48
MARPS,10102020,48
MSB,15104050,48
MTR,10102020,48
NDRO,10102020,48
NRT,10102020,48
PBT,10102020,48
PER,10102020,48
RGLD,15104030,48
ROYT,10102020,48
SBR,10102020,48
SDR,10102020,48
SDT,10102020,48
SJT,10102020,48
TPL,40201030,48
VOC,10102020,48
XPL,15104040,48
ADK,35102020,49
AVB,60101060,49
BKD,35102020,49
CSU,35102020,49
CTRE,60101050,49
EDR,60101060,49
FVE,35102020,49
GEN,35102020,49
HCN,60101050,49
HCP,60101050,49
LTC,60101050,49
MAA,60101060,49
MORE,60101060,49
NHC,35102020,49
NHI,60101050,49
OHI,60101050,49
SBRA,60101050,49
SNH,60101050,49
SNR,60101050,49
SUI,60101060,49
VTR,60101050,49
AAOI,45201020,50
AEY,45203030,50
APH,45203015,50
AVX,45203015,50
AXE,45203030,50
BELFB,45201020,50
BGC,20104010,50
BHE,45203020,50
CLFD,45201020,50
COMM,45201020,50
CSL,20105010,50
CTS,45203020,50
DCO,20101010,50
EMKR,45201020,50
EML,20106020,50
FNSR,45201020,50
GLW,45203015,50
HWCC,20107010,50
IEC,45203020,50
IIN,45203015,50
INTT,45301010,50
JBL,45203020,50
KALU,15104010,50
KE,45203020,50
KTCC,45203020,50
LEA,25101010,50
LFUS,45203015,50
LMIA,20101010,50
LPTH,45203010,50
LUNA,45203010,50
MEI,45203020,50
OCC,45201020,50
PLPC,20104010,50
RFIL,45203020,50
SANM,45203020,50
SGMA,45203020,50
SPA,20101010,50
TOWR,25101010,50
TTMI,45203020,50
WIRE,20104010,50
ANCX,40101015,51
ASB,40101015,51
BAC,40101010,51
BANC,40101015,51
BANF,40101015,51
BBT,40101015,51
BOH,40101015,51
BOKF,40101015,51
BPOP,40101015,51
BUSE,40101015,51
C,40101010,51
CARO,40101015,51
CBSH,40101015,51
CCBG,40101015,51
CFFI,40101015,51
CFG,40101015,51
CFR,40101015,51
CHFC,40101015,51
CIT,40101015,51
CMA,40101010,51
COBZ,40101015,51
COF,40202010,51
COLB,40101015,51
CPF,40101015,51
DFS,40202010,51
EFSC,40101015,51
EVER,40102010,51
FBC,40102010,51
FBP,40101015,51
FCNCA,40101015,51
FFBC,40101015,51
FHN,40101015,51
FISI,40101015,51
FITB,40101015,51
FNB,40101015,51
FULT,40101015,51
GABC,40101015,51
HBAN,40101015,51
HTH,40101015,51
IBKC,40101015,51
IBOC,40101015,51
JPM,40101010,51
KEY,40101015,51
MBFI,40101015,51
MTB,40101015,51
OFG,40101015,51
OKSB,40101015,51
ONB,40101015,51
PBCT,40101015,51
PGC,40101015,51
PNC,40101015,51
PVTB,40101015,51
RF,40101015,51
SBCF,40101015,51
SIVB,40101015,51
SNV,40101015,51
STI,40101015,51
TBK,40101015,51
TRMK,40101015,51
TSC,40101015,51
USB,40101010,51
WBS,40101015,51
WFC,40101010,51
WTFC,40101015,51
ZION,40101015,51
BSET,25201020,52
CUBE,60101080,52
FLXS,25201020,52
GFN,20107010,52
HNI,20201060,52
HOFT,25201020,52
KBAL,20201060,52
KBAL,20201060,52
KNL,20201060,52
LEG,25201020,52
LZB,25201020,52
MINI,20201070,52
MLHR,20201060,52
NVFY,25201020,52
PIR,25504060,52
PSA,60101080,52
SCS,20201060,52
STLY,25201020,52
VIRC,20201060,52
A,35203010,53
ABAX,35101010,53
ABC,35102010,53
AKRX,35202010,53
AMRI,35203010,53
BABY,35101010,53
BASI,35203010,53
BDX,35101010,53
BIO,35203010,53
BRKR,35203010,53
CBM,35203010,53
CRL,35203010,53
DHR,35101010,53
ENZ,35203010,53
HAE,35101020,53
HBIO,35203010,53
HSIC,35102010,53
HSKA,35202010,53
IDXX,35101010,53
ILMN,35203010,53
KEQU,35101010,53
LCI,35202010,53
LH,35102015,53
LLY,35202010,53
LMNX,35203010,53
MLAB,45203010,53
MOCO,45203010,53
MRK,35202010,53
MTD,35203010,53
NEOG,35101020,53
NSTG,35203010,53
OPK,35201010,53
PACB,35203010,53
PAHC,35202010,53
PDCO,35102010,53
PDEX,35101010,53
PKI,35203010,53
SLP,35103010,53
TECH,35203010,53
TMO,35203010,53
TRNS,20107010,53
VIVO,35101020,53
VWR,35203010,53
WAT,35203010,53
WOOF,35102020,53
WST,35101020,53
XRAY,35101020,53
ZTS,35202010,53
ADTN,45201020,54
ALSK,50101020,54
ARRS,45201020,54
BBOX,45201020,54
BSFT,45103010,54
CALX,45201020,54
CBB,50101020,54
CCOI,50101010,54
CHTR,25401025,54
CIEN,45201020,54
CNSL,50101020,54
CTL,50101020,54
FRP,50101020,54
FSNN,50101010,54
FTR,50101020,54
GSAT,50101010,54
GTT,45101010,54
HCOM,50101020,54
IDT,50101020,54
INAP,45101010,54
IRDM,50101010,54
JCS,45201020,54
KVHI,45201020,54
LBRDK,25401025,54
LMOS,50101010,54
LORL,25401025,54
LVLT,50101010,54
MRVC,45201020,54
OTEL,50101020,54
RNET,10101020,54
SATS,45201020,54
SCSC,45203030,54
SONS,45201020,54
TCCO,45201020,54
VG,50101010,54
VHC,45103010,54
VSAT,45201020,54
VZ,50101020,54
WIN,50101020,54
WSTC,20201060,54
ZAYO,50101010,54
ATW,10101010,55
BHI,10101020,55
CKH,10101020,55
DO,10101010,55
DRQ,10101020,55
FET,10101020,55
GIFI,10101020,55
HAL,10101020,55
HLX,10101020,55
HOS,10101020,55
HP,10101010,55
ICD,10101010,55
MDR,10101020,55
NOV,10101020,55
NR,10101020,55
OII,10101020,55
OIS,10101020,55
PES,10101010,55
PKD,10101010,55
RDC,10101010,55
RES,10101020,55
SAEX,10101020,55
SDPI,10101020,55
SLB,10101020,55
SPN,10101020,55
TDW,10101020,55
TESO,10101020,55
TTI,10101020,55
AMRB,40101015,56
ATLO,40101015,56
BANR,40101015,56
BDGE,40101015,56
BHB,40101015,56
BKSC,40101015,56
BKU,40101015,56
BMRC,40101015,56
BNCN,40101015,56
BOCH,40101015,56
BOFI,40102010,56
BRKL,40101015,56
BSF,40102010,56
BSRR,40101015,56
BWFG,40101015,56
BYBK,40101015,56
CARV,40102010,56
CATY,40101015,56
CBAN,40101015,56
CFNB,40101015,56
CNOB,40101015,56
CSFL,40101015,56
CUBI,40101015,56
CUNB,40101015,56
CVCY,40101015,56
EGBN,40101015,56
ESXB,40101015,56
EVBS,40101015,56
EWBC,40101015,56
FBIZ,40101015,56
FBMS,40101015,56
FBNC,40101015,56
FCCO,40101015,56
FFKT,40101015,56
FLIC,40101015,56
FMBI,40101015,56
FRBA,40101015,56
FRBK,40101015,56
FUNC,40101015,56
GNBC,40101015,56
HBHC,40101015,56
HBMD,40101015,56
HIFS,40102010,56
HOMB,40101015,56
HTBK,40101015,56
HTLF,40101015,56
IBCP,40101015,56
IBTX,40101015,56
ICBK,40101015,56
ISTR,40101015,56
LBAI,40101015,56
LCNB,40101015,56
MBWM,40101015,56
MCBC,40101015,56
MFNC,40101015,56
MSL,40101015,56
NBHC,40101015,56
NCOM,40101015,56
NKSH,40101015,56
NRIM,40101015,56
NWFL,40101015,56
OLBK,40101015,56
OPB,40101015,56
OSBC,40101015,56
OVLY,40101015,56
OZRK,40101015,56
PACW,40101015,56
PB,40101015,56
PCBK,40101015,56
PEBK,40101015,56
PFBC,40101015,56
PFBI,40101015,56
PFBX,40101015,56
PLBC,40101015,56
PMBC,40101015,56
PNFP,40101015,56
PPBI,40101015,56
PSTB,40101015,56
RBPAA,40101015,56
SAL,40101015,56
SBSI,40101015,56
SFBS,40101015,56
SFST,40101015,56
SGBK,40101015,56
SLCT,40101015,56
SNBC,40101015,56
SSBI,40101015,56
SSFN,40101015,56
STBZ,40101015,56
SVBI,40102010,56
TCBK,40101015,56
TRCB,40101015,56
UBCP,40101015,56
UBFO,40101015,56
UBSH,40101015,56
UCBI,40101015,56
UMPQ,40101015,56
UNB,40101015,56
UNTY,40101015,56
VBTX,40101015,56
WFBI,40101015,56
WTBA,40101015,56
XBKS,40101015,56
AEHR,45301010,57
ALR,35101020,57
AXDX,35203010,57
CBMX,35203010,57
CEMI,35101020,57
COHU,45301010,57
DGX,35102015,57
EXAS,35201010,57
FMI,35201010,57
GHDX,35201010,57
GNMK,35101010,57
HTGM,35103010,57
MGCD,35101010,57
MYGN,35201010,57
NAVB,35201010,57
NEO,35203010,57
NVTA,35201010,57
OPGN,35201010,57
OSUR,35101020,57
PMD,35102015,57
QDEL,35101020,57
ROKA,35101010,57
SRDX,35101010,57
TEAR,35101020,57
TER,45301010,57
TIK,20101010,57
TROV,35201010,57
TRT,45301010,57
TTOO,35201010,57
VCYT,35201010,57
VRML,35101010,57
XCRA,45301010,57
AAN,25504060,58
AEO,25504010,58
ANF,25504010,58
ASNA,25504010,58
BBBY,25504060,58
BBW,25504040,58
BEBE,25504010,58
BIG,25503020,58
BKE,25504010,58
BONT,25503010,58
BOOT,25504010,58
BURL,25504010,58
CAB,25504040,58
CATO,25504010,58
CBK,25504010,58
CHS,25504010,58
COH,25203010,58
COLM,25203010,58
CONN,25504020,58
CRI,25203010,58
CROX,25203020,58
CTRN,25504010,58
DDS,25503010,58
DECK,25203020,58
DEST,25504010,58
DLA,25203010,58
DLTR,25503020,58
DPZ,25301040,58
DSW,25504010,58
DXLG,25504010,58
EVLV,25502020,58
EXPR,25504010,58
FINL,25504010,58
FIVE,25504040,58
FOSL,25203010,58
FRAN,25504010,58
GCO,25504010,58
GES,25504010,58
GIII,25203010,58
GPS,25504010,58
HBI,25203010,58
HD,25504030,58
HIBB,25504040,58
HVT,25504060,58
JCP,25503010,58
JWN,25503010,58
KIRK,25504060,58
KR,30101030,58
KSS,25503010,58
LB,25504010,58
LE,25502020,58
LOW,25504030,58
M,25503010,58
MIK,25504040,58
MUSA,25504050,58
NKE,25203020,58
NWY,25504010,58
OXM,25203010,58
PERF,25504040,58
PERY,25203010,58
PLCE,25504010,58
RCII,25504020,58
RCKY,25203020,58
RL,25203010,58
ROST,25504010,58
SCVL,25504010,58
SGC,25203010,58
SHLD,25503010,58
SHOS,25504030,58
SKX,25203020,58
SMRT,25504010,58
SSI,25504010,58
TGT,25503020,58
TIF,25504040,58
TJX,25504010,58
TLYS,25504010,58
TUES,25503020,58
URBN,25504010,58
VFC,25203010,58
VNCE,25203010,58
VRA,25203010,58
WEYS,25501010,58
WINA,25504040,58
WMT,30101040,58
WWW,25203020,58
ZUMZ,25504010,58
FRSH,25301040,58
AE,10102030,59
BCEI,10102020,59
BRS,10101020,59
BSM,10102020,59
CIE,10102020,59
CLR,10102020,59
COG,10102020,59
CRK,10102020,59
DNR,10102020,59
EGY,10102020,59
ENRJ,10102020,59
EOG,10102020,59
EPM,10102020,59
ERN,10102020,59
EXXI,10102020,59
FPP,10102020,59
GBR,10102020,59
GNE,55101010,59
GPOR,10102020,59
HUSA,10102020,59
JONE,10102020,59
MCEP,10102020,59
MCF,10102020,59
MUR,10102020,59
MVO,10102020,59
MXC,10102020,59
NBL,10102020,59
PHIIK,10101020,59
PHX,10102020,59
PQ,10102020,59
REI,10102020,59
RRC,10102020,59
SM,10102020,59
SN,10102020,59
TAT,10102020,59
TGC,10102020,59
TRCH,10102020,59
USEG,10102020,59
USLM,15102010,59
WTI,10102020,59
XCO,10102020,59
XOM,10102010,59
YUMA,10102020,59
ZN,10102020,59
MPO,10102020,59
ARCB,20304020,60
CGI,20304020,60
CHRW,20301010,60
CSX,20304010,60
CVTI,20304020,60
ECHO,20301010,60
EXPD,20301010,60
FDX,20301010,60
FWRD,20301010,60
GBX,20106010,60
GWR,20304010,60
HTLD,20304020,60
HUBG,20301010,60
JBHT,20304020,60
KNX,20304020,60
KSU,20304010,60
LSTR,20304020,60
MATX,20303010,60
MRTN,20304020,60
NSC,20304010,60
ODFL,20304020,60
PTSI,20304020,60
RAIL,20106010,60
RLGT,20301010,60
RRTS,20304020,60
SAIA,20304020,60
SINO,20305030,60
SWFT,20304020,60
UNP,20304010,60
UPS,20301010,60
USAK,20304020,60
WAB,20106010,60
WERN,20304020,60
XPO,20301010,60
YRCW,20304020,60
AEE,55103010,61
AEP,55101010,61
AES,55105010,61
AVA,55103010,61
BKH,55103010,61
CMS,55103010,61
CNP,55103010,61
D,55103010,61
DTE,55103010,61
DUK,55101010,61
ED,55103010,61
EE,55101010,61
EIX,55101010,61
ES,55101010,61
ETR,55101010,61
EXC,55101010,61
FE,55101010,61
GXP,55101010,61
HE,55101010,61
HIFR,60101080,61
IDA,55101010,61
LNT,55101010,61
MGEE,55101010,61
NEE,55101010,61
NI,55103010,61
NWE,55103010,61
OGE,55101010,61
PCG,55101010,61
PEG,55103010,61
PNM,55101010,61
PNW,55101010,61
POR,55101010,61
PPL,55101010,61
PWR,20103010,61
SCG,55103010,61
UTL,55103010,61
VVC,55103010,61
WEC,55103010,61
WR,55101010,61
XEL,55101010,61
AWX,20201050,62
CLH,20201050,62
CVA,20201050,62
CWST,20201050,62
ECOL,20201050,62
HCCI,20201050,62
MNGA,20201050,62
PESI,20201050,62
QRHC,20201050,62
RSG,20201050,62
SMED,35102015,62
SRCL,20201050,62
VHI,15101050,62
WM,20201050,62
AGCO,20106015,63
ALG,20106010,63
ARTW,20106015,63
BGG,20106020,63
CAT,20106010,63
DE,20106015,63
HEES,20107010,63
HI,20106020,63
KAI,20106020,63
MIDD,20106020,63
MIND,10101020,63
MNTX,20106010,63
PLOW,20106010,63
TITN,20107010,63
TTC,20106015,63
TWI,20106015,63
URI,20107010,63
AIMC,20106020,64
AIT,20107010,64
AME,20104010,64
AMOT,20104010,64
B,20106020,64
CECE,20201050,64
CFX,20106020,64
CIR,20106020,64
CMI,20106010,64
CR,20106020,64
CW,20101010,64
DOV,20106020,64
EMR,20104010,64
FLS,20106020,64
GE,20105010,64
GGG,20106020,64
GNRC,20104010,64
GTLS,20106020,64
GWW,20107010,64
IEX,20106020,64
ITT,20106020,64
ITW,20106020,64
JASN,20106020,64
KAMN,20107010,64
KMT,20106020,64
LAWS,20107010,64
MSM,20107010,64
MYE,15103010,64
NNBR,20106020,64
NPO,20106020,64
NX,20102010,64
PFIN,25201040,64
PH,20106020,64
PKOH,20301010,64
POWL,20104010,64
RBC,20104010,64
RELL,45203030,64
ROLL,20106020,64
SIF,20101010,64
SNA,20106020,64
SNHY,20106020,64
STRT,25101010,64
SWK,20106020,64
SXI,20106020,64
TDG,20101010,64
TKR,20106020,64
TRS,20106020,64
TWIN,20106010,64
UQM,25101010,64
WSCI,20106020,64
WWD,20106020,64
ATU,20106020,64
AHP,60101030,65
AHT,60101030,65
CHH,25301020,65
CHSP,60101030,65
CLDT,60101030,65
DRH,60101030,65
FCH,60101030,65
H,25301020,65
HLT,25301020,65
HPT,60101030,65
HST,60101030,65
HT,60101030,65
INN,60101030,65
LHO,60101030,65
LQ,25301020,65
MAR,25301020,65
MCS,25301020,65
PEB,60101030,65
RLH,25301020,65
RLJ,60101030,65
SHO,60101030,65
SOHO,60101030,65
STAY,25301020,65
WYN,25301020,65
XHR,60101030,65
ALDW,10102030,66
ALJ,10102030,66
ARCX,10102040,66
BKEP,10102040,66
BPL,10102040,66
CLMT,10102030,66
CVI,10102030,66
CVRR,10102030,66
DK,10102030,66
DKL,10102040,66
GEL,10102040,66
GLP,10102040,66
HEP,10102040,66
HFC,10102030,66
MMLP,10102040,66
MMP,10102040,66
MPC,10102030,66
NGL,10102040,66
NS,10102030,66
NSH,10102040,66
PARR,10102030,66
PBF,10102030,66
PBFX,10102040,66
PSX,10102030,66
PSXP,10102040,66
SHLX,10102040,66
SRLP,10102040,66
TLLP,10102040,66
TLP,10102040,66
TSO,10102030,66
USDP,10102040,66
VLP,10102040,66
VTNR,10102030,66
WNR,10102030,66
WNRL,10102040,66
WPT,10102040,66
ABCD,25302010,67
APEI,25302010,67
BPI,25302010,67
CECO,25302010,67
CHGG,25302010,67
CPLA,25302010,67
DV,25302010,67
FC,20202020,67
HMHC,25302010,67
IPDN,45101010,67
LINC,25302010,67
LOPE,25302010,67
LRN,25302010,67
NAUH,25302010,67
NAVI,40202010,67
RST,45103030,67
SCHL,25401040,67
SLM,40202010,67
STRA,25302010,67
UTI,25302010,67
GHC,25302010,67
