symbol,gics8,text_024
BPT,10102020,0
BSM,10102020,0
CHKR,10102020,0
CRT,10102020,0
DMLP,10102020,0
ECT,10102020,0
FRPH,60102020,0
HGT,10102020,0
MARPS,10102020,0
MSB,15104050,0
MTR,10102020,0
MVO,10102020,0
NDRO,10102020,0
NRP,10102050,0
NRT,10102020,0
PBT,10102020,0
PDLI,35201010,0
PER,10102020,0
RGLD,15104030,0
ROYT,10102020,0
SBR,10102020,0
SDR,10102020,0
SDT,10102020,0
SJT,10102020,0
TPL,40201030,0
VOC,10102020,0
XPL,15104040,0
ACNB,40101015,1
ALLY,40202010,1
AMNB,40101015,1
ANCX,40101015,1
AROW,40101015,1
ASB,40101015,1
ASRV,40101015,1
BAC,40101010,1
BANC,40101015,1
BANF,40101015,1
BBT,40101015,1
BDGE,40101015,1
BFIN,40102010,1
BHLB,40101015,1
BMRC,40101015,1
BMTC,40101015,1
BOH,40101015,1
BOKF,40101015,1
BPOP,40101015,1
BUSE,40101015,1
BXS,40101015,1
C,40101010,1
CARO,40101015,1
CART,40101015,1
CBSH,40101015,1
CBU,40101015,1
CCBG,40101015,1
CFFI,40101015,1
CFG,40101015,1
CFR,40101015,1
CHCO,40101015,1
CHFC,40101015,1
CHMG,40101015,1
CIT,40101015,1
CMA,40101010,1
COBZ,40101015,1
COF,40202010,1
COLB,40101015,1
CPF,40101015,1
CSFL,40101015,1
CUBI,40101015,1
CVBF,40101015,1
CZNC,40101015,1
DFS,40202010,1
EFSC,40101015,1
EGBN,40101015,1
EVBS,40101015,1
EVER,40102010,1
EWBC,40101015,1
FBC,40102010,1
FBIZ,40101015,1
FBP,40101015,1
FCBC,40101015,1
FCCO,40101015,1
FCF,40101015,1
FCNCA,40101015,1
FDEF,40102010,1
FFBC,40101015,1
FFIN,40101015,1
FFKT,40101015,1
FHN,40101015,1
FIBK,40101015,1
FISI,40101015,1
FITB,40101015,1
FLIC,40101015,1
FMBI,40101015,1
FMNB,40101015,1
FNB,40101015,1
FRC,40101015,1
FRME,40101015,1
FULT,40101015,1
GABC,40101015,1
HBAN,40101015,1
HBHC,40101015,1
HBNC,40101015,1
HOMB,40101015,1
HTBK,40101015,1
HTH,40101015,1
IBCP,40101015,1
IBKC,40101015,1
IBOC,40101015,1
JPM,40101010,1
KEY,40101015,1
LKFN,40101015,1
MBFI,40101015,1
MOFG,40101015,1
MTB,40101015,1
NKSH,40101015,1
NWBI,40102010,1
OFG,40101015,1
OKSB,40101015,1
ONB,40101015,1
OPB,40101015,1
OPOF,40101015,1
PBCT,40101015,1
PCBK,40101015,1
PFBI,40101015,1
PGC,40101015,1
PNC,40101015,1
PNFP,40101015,1
PRK,40101015,1
PSTB,40101015,1
PVTB,40101015,1
QCRH,40101015,1
RBPAA,40101015,1
RF,40101015,1
RNST,40101015,1
SASR,40101015,1
SBCF,40101015,1
SBFG,40101015,1
SBNY,40101015,1
SHBI,40101015,1
SIVB,40101015,1
SMMF,40101015,1
SNV,40101015,1
SRCE,40101015,1
SSB,40101015,1
SSBI,40101015,1
STBZ,40101015,1
STI,40101015,1
SYBT,40101015,1
TBK,40101015,1
TCBI,40101015,1
TCBK,40101015,1
TMP,40101015,1
TOWN,40101015,1
TRMK,40101015,1
TRST,40102010,1
TSC,40101015,1
UBFO,40101015,1
UBSH,40101015,1
UBSI,40101015,1
USB,40101010,1
UVSP,40101015,1
VBTX,40101015,1
WASH,40101015,1
WBS,40101015,1
WFC,40101010,1
WSBC,40101015,1
WSBF,40102010,1
WSFS,40102010,1
WTFC,40101015,1
ZION,40101015,1
XBKS,40101015,1
AAT,60101010,2
ACC,60101060,2
ACRE,40204010,2
ADC,60101070,2
AHH,60101010,2
AHP,60101030,2
AHT,60101030,2
AIV,60101060,2
AJX,40204010,2
AKR,60101070,2
ALEX,60102010,2
ALX,60101070,2
AMH,60101060,2
APTS,60101060,2
ARE,60101040,2
AVB,60101060,2
BDN,60101040,2
BFS,60101070,2
BRG,60101060,2
BRT,60101060,2
BRX,60101070,2
BXP,60101040,2
CBL,60101070,2
CDR,60101070,2
CHCI,25201030,2
CHSP,60101030,2
CLDT,60101030,2
CLI,60101040,2
CMCT,40204010,2
CONE,60101080,2
CORR,60101080,2
CPT,60101060,2
CSGP,45101010,2
CTO,60102010,2
CTRE,60101050,2
CTT,60101080,2
CUBE,60101080,2
CUZ,60101040,2
CXP,60101040,2
DCT,60101020,2
DDR,60101070,2
DEI,60101040,2
DFT,60101080,2
DLR,60101080,2
DOC,60101050,2
DRE,60101020,2
DRH,60101030,2
EDR,60101060,2
EGP,60101020,2
ELS,60101060,2
EPR,60101080,2
EQC,60101040,2
EQR,60101060,2
ESBA,60101010,2
ESRT,60101010,2
ESS,60101060,2
EXR,60101080,2
FCH,60101030,2
FOR,60102030,2
FPI,60101080,2
FPO,60101010,2
FR,60101020,2
FRT,60101070,2
FSP,60101040,2
GGP,60101070,2
GLPI,60101080,2
GOOD,60101010,2
GOV,60101040,2
GPT,60101010,2
GTY,60101070,2
HCN,60101050,2
HCP,60101050,2
HF,60102040,2
HHC,60102030,2
HIW,60101040,2
HPP,60101040,2
HPT,60101030,2
HR,60101050,2
HST,60101030,2
HT,60101030,2
HTA,60101050,2
INN,60101030,2
IRET,60101010,2
IRT,60101060,2
JCAP,60101080,2
JOE,60102010,2
KIM,60101070,2
KRC,60101040,2
KRG,60101070,2
LAND,60101080,2
LHO,60101030,2
LPT,60101010,2
LTC,60101050,2
LXP,60101010,2
MAA,60101060,2
MAC,60101070,2
MMI,60102040,2
MNR,60101020,2
MORE,60101060,2
MPW,60101050,2
NHI,60101050,2
NNN,60101070,2
NSA,60101080,2
NXRT,60101060,2
NYRT,60101040,2
O,60101070,2
OFC,60101040,2
OHI,60101050,2
OLP,60101010,2
ORM,40204010,2
PCH,60101080,2
PDM,60101040,2
PEB,60101030,2
PEI,60101070,2
PGRE,60101040,2
PKY,60101040,2
PLD,60101020,2
PSA,60101080,2
PSB,60101010,2
PW,60101080,2
RAS,60101010,2
RDI,25401030,2
REG,60101070,2
REIS,45101010,2
RESI,40204010,2
REXR,60101020,2
RLGY,60102040,2
RLJ,60101030,2
ROIC,60101070,2
RPT,60101070,2
RYN,60101080,2
SBAC,60101080,2
SBRA,60101050,2
SHO,60101030,2
SIR,60101010,2
SKT,60101070,2
SLG,60101040,2
SNH,60101050,2
SNR,60101050,2
SOHO,60101030,2
SPG,60101070,2
SRC,60101010,2
STAG,60101020,2
STAR,60101010,2
STOR,60101010,2
STRS,60102030,2
SUI,60101060,2
TCI,60102020,2
TCO,60101070,2
TRNO,60101020,2
UBA,60101070,2
UDR,60101060,2
UE,60101070,2
UHT,60101050,2
UMH,60101060,2
VGR,30203010,2
VNO,60101040,2
VTR,60101050,2
WD,40102010,2
WHLR,60101070,2
WPC,60101010,2
WRE,60101010,2
WRI,60101070,2
WSR,60101070,2
XHR,60101030,2
ABCO,20202020,3
ABM,20201050,3
ACM,20103010,3
ADP,45102020,3
AIR,20101010,3
APEI,25302010,3
ARC,20201060,3
ARMK,25301040,3
ASCMA,25302020,3
ASGN,20202010,3
AWX,20201050,3
AXP,40202010,3
AXR,20201070,3
AZPN,45103010,3
BAH,45102010,3
BBSI,20202010,3
BCO,20201080,3
BHI,10101020,3
BPI,25302010,3
BRKS,45301010,3
CACI,45102010,3
CASS,45102020,3
CATM,45102020,3
CBZ,20202020,3
CCRN,35102015,3
CDI,20202010,3
CLGX,45102020,3
CLH,20201050,3
CPLA,25302010,3
CRAI,20202020,3
CRAY,45202030,3
CRL,35203010,3
CRR,10101020,3
CRTN,45102010,3
CRVL,35102015,3
CTAS,20201070,3
CTG,45102010,3
CTSH,45102010,3
CUB,20101010,3
DGI,20101010,3
DHX,45101010,3
DLHC,20202010,3
DLX,20201010,3
DST,45102020,3
DXPE,20107010,3
DY,20103010,3
ECOL,20201050,3
EDGW,45102010,3
EEI,20201050,3
EFX,20202020,3
EGL,20101010,3
EGOV,45101010,3
EME,20103010,3
ENG,10101020,3
EXLS,45102020,3
EXPO,20202020,3
FC,20202020,3
FCN,20202020,3
FDS,40203040,3
FIS,45102020,3
FISV,45102020,3
FIX,20103010,3
FLR,20103010,3
FORR,45102010,3
GEO,60101080,3
GPX,20202010,3
GVP,45103010,3
HAL,10101020,3
HCCI,20201050,3
HCKT,45102010,3
HCSG,20201070,3
HII,20101010,3
HIL,20202020,3
HLX,10101020,3
HMNY,45102010,3
HSII,20202010,3
HSON,20202010,3
HURN,20202020,3
ICFI,20202020,3
IDT,50101020,3
III,45102020,3
INT,10102030,3
INTX,20201070,3
IO,10101020,3
IRM,60101080,3
IT,45102010,3
JBL,45203020,3
JEC,20103010,3
JOB,20202010,3
KBR,20103010,3
KE,45203020,3
KELYA,20202010,3
KFRC,20202010,3
KFY,20202010,3
KLXI,20101010,3
LDOS,45102010,3
LINC,25302010,3
LQDT,45101010,3
LTBR,20202020,3
MAN,20202010,3
MANT,45102010,3
MATR,45102010,3
MCK,35102010,3
MCO,40203040,3
MGI,45102020,3
MMC,40301010,3
MMS,45102020,3
MOC,20201080,3
MTBC,35103010,3
NAUH,25302010,3
NAVI,40202010,3
NCI,20202020,3
NR,10101020,3
NSP,20202010,3
OIS,10101020,3
OMI,35102010,3
ONVI,45101010,3
PAYX,45102020,3
PCMI,45203030,3
PES,10101010,3
PESI,20201050,3
PFMT,20201070,3
PFSW,45102010,3
PINC,35102015,3
PKD,10101010,3
PLXS,45203020,3
PRFT,45102010,3
PRGX,45102020,3
PRIM,20103010,3
PRSC,35102015,3
PRXL,35203010,3
Q,35203010,3
QNST,45101010,3
QUAD,20201010,3
RCMT,20202020,3
RECN,20202020,3
RES,10101020,3
RHI,20202010,3
RPXC,20202020,3
SAIC,45102010,3
SFE,40203010,3
SGMA,45203020,3
SINO,20305030,3
SLB,10101020,3
SNX,45203030,3
SP,20201050,3
SPN,10101020,3
SRCL,20201050,3
SRT,45102020,3
STC,40301040,3
STRA,25302010,3
SYKE,45102020,3
SYNT,45102020,3
TBI,20202010,3
TCS,25504040,3
TESO,10101020,3
TISI,20201050,3
TNET,20202010,3
TRNS,20107010,3
TRR,20201050,3
TSS,45102020,3
TTEC,45102020,3
TTEK,20201050,3
VEC,20101010,3
VISI,20202010,3
VRSN,45101010,3
VRTU,45102010,3
VSEC,20201070,3
VSR,20201050,3
VVI,20201070,3
VWR,35203010,3
WLDN,20202020,3
WM,20201050,3
WSTC,20201060,3
XRX,45202030,3
ACIW,45103010,4
ACTA,45101010,4
ACXM,45102010,4
ADS,45102020,4
ADSK,45103010,4
AGYS,45203030,4
AKAM,45101010,4
AMBR,45101010,4
AMSWA,45103010,4
ANET,45201020,4
ANSS,45103010,4
ARIS,45101010,4
ARW,45203030,4
ASUR,45103010,4
ATEN,45103020,4
AWRE,45103010,4
BCOR,45101010,4
BLIN,45101010,4
BLKB,45103010,4
BNFT,45101010,4
BOX,45101010,4
BR,45102020,4
BRCD,45201020,4
BSFT,45103010,4
BSQR,45103010,4
BVSN,45101010,4
CA,45103020,4
CALD,45103010,4
CARB,45101010,4
CAVM,45301020,4
CDK,45103010,4
CDW,45203030,4
CIEN,45201020,4
COR,60101080,4
COUP,45101010,4
COVS,45103020,4
CPSI,35103010,4
CRM,45103010,4
CSGS,45102020,4
CSOD,45101010,4
CSPI,45102010,4
CTRL,45203010,4
CTXS,45103010,4
CUDA,45103020,4
CVG,45102020,4
CVLT,45103020,4
DATA,45103020,4
DBD,45202030,4
DGII,45201020,4
DJCO,25401040,4
DNB,20202020,4
DWCH,45103010,4
ECOM,45101010,4
EEFT,45102020,4
EGAN,45101010,4
EGHT,45103010,4
EIGI,45101010,4
ELLI,45103010,4
ENOC,45103010,4
EPAM,45102010,4
EPAY,45103010,4
EVOL,45103010,4
EVTC,45102020,4
EXA,45103010,4
EXTR,45201020,4
FALC,45103020,4
FEYE,45103020,4
FFIV,45201020,4
FICO,45103010,4
FIVN,45101010,4
FLT,45102020,4
FNJN,45103020,4
FSNN,50101010,4
FTNT,45103020,4
GDDY,45101010,4
GDOT,40202010,4
GIMO,45103020,4
GPN,45102020,4
GSB,45103020,4
GUID,45103010,4
GWRE,45103010,4
HAWK,45102020,4
HDP,45101010,4
HHS,25401010,4
HIVE,45201020,4
HPQ,45202030,4
HRB,25302020,4
HSTM,35103010,4
HUBS,45103010,4
IBM,45102010,4
IDN,45203010,4
IDSY,45203010,4
IMPV,45103020,4
INAP,45101010,4
INOV,35103010,4
INTU,45103010,4
INVE,45203010,4
INWK,20201010,4
IPAS,45101010,4
ISDR,45101010,4
JIVE,45103010,4
JKHY,45102020,4
JNPR,45201020,4
JTPY,45102020,4
KEYW,20101010,4
LOGM,45101010,4
LPSN,45101010,4
LRN,25302010,4
LTRX,45201020,4
MA,45102020,4
MANH,45103010,4
MDSO,35103010,4
MITK,45103010,4
MLNK,45102020,4
MOBL,45103010,4
MODN,45103010,4
MRIN,45101010,4
MSFT,45103020,4
MSI,45201020,4
MSTR,45103010,4
MXPT,45101010,4
NCIT,45102010,4
NCR,45202030,4
NETE,45101010,4
NEWR,45101010,4
NEWT,40203010,4
NMRX,45101010,4
NNI,40202010,4
NOW,45103020,4
NSIT,45203030,4
NSR,45102020,4
NTAP,45202030,4
NTCT,45201020,4
NTWK,45103010,4
NUAN,45103010,4
NXTD,45103020,4
ONDK,40201040,4
ORBC,50101010,4
ORCL,45103020,4
PANW,45201020,4
PAR,45203010,4
PAY,45203010,4
PAYC,45103010,4
PBI,20201060,4
PCTY,45103010,4
PCYG,45103010,4
PEGA,45103010,4
PFPT,45103020,4
PLPM,45102020,4
PLUS,45203030,4
PRGS,45103020,4
PRO,45103010,4
PTC,45103010,4
QADA,45103010,4
QLYS,45103020,4
QSII,35103010,4
QTM,45202030,4
QTS,60101080,4
QTWO,45101010,4
QUMU,45101010,4
RHT,45103020,4
RP,45103010,4
RST,45103030,4
RSYS,45203020,4
SABR,45102020,4
SHOR,45201020,4
SMCI,45202030,4
SMSI,45103010,4
SNCR,45103010,4
SPLK,45103010,4
SPRT,45101010,4
SPSC,45101010,4
SREV,45102010,4
SSNI,45103010,4
STRM,35103010,4
SYF,40202010,4
SYMC,45103020,4
TDC,45102010,4
TECD,45203030,4
TRMB,45203020,4
TWOU,45101010,4
TYL,45103010,4
UIS,45102010,4
ULTI,45103010,4
UPLD,45103010,4
USAT,45202030,4
V,45102020,4
VCRA,35103010,4
VDSI,45103020,4
VEEV,35103010,4
VHC,45103010,4
VMW,45103020,4
VNTV,45102020,4
VRNS,45103020,4
VRNT,45103010,4
WDAY,45103010,4
WDC,45202030,4
WEX,45102020,4
WK,45103010,4
WPG,60101070,4
WSTG,45203030,4
WU,45102020,4
WYY,45102010,4
ZBRA,45203010,4
ZEN,45103010,4
ZIXI,45103010,4
ABR,40204010,5
AGM,40102010,5
AGNC,40204010,5
AI,40203010,5
ANH,40204010,5
ARI,40204010,5
ARR,40204010,5
BXMT,40204010,5
CHMI,40204010,5
CIM,40204010,5
CMO,40204010,5
DX,40204010,5
EARN,40204010,5
EFC,40203010,5
IMH,40102010,5
IVR,40204010,5
LADR,40204010,5
LOAN,40204010,5
MFA,40204010,5
MITT,40204010,5
MTG,40102010,5
MTGE,40204010,5
NLY,40204010,5
NMIH,40102010,5
NRZ,40204010,5
NSM,40102010,5
NYMT,40204010,5
OAKS,40204010,5
OCN,40102010,5
PFSI,40102010,5
PHH,40102010,5
PMT,40204010,5
RDN,40102010,5
RSO,40204010,5
RWT,40204010,5
SGM,40102010,5
STWD,40204010,5
TWO,40204010,5
WAC,40102010,5
WMC,40204010,5
ZAIS,40203010,5
AE,10102030,6
AMID,10102040,6
APA,10102020,6
APC,10102020,6
AR,10102020,6
AREX,10102020,6
AXAS,10102020,6
BBG,10102020,6
BCEI,10102020,6
BRN,10102020,6
BRS,10101020,6
BWP,10102040,6
CELP,20201050,6
CEQP,10102040,6
CHK,10102020,6
CIE,10102020,6
CLNE,10102030,6
CLR,10102020,6
CNNX,10102040,6
CNX,10102050,6
COG,10102020,6
COP,10102020,6
CPE,10102020,6
CRC,10102020,6
CRK,10102020,6
CRZO,10102020,6
CXO,10102020,6
DGAS,55102010,6
DM,10102040,6
DNR,10102020,6
DVN,10102020,6
ECR,10102020,6
EEP,10102040,6
EEQ,10102040,6
EGAS,55102010,6
EGN,10102020,6
EGY,10102020,6
ENBL,10102040,6
ENLC,10102040,6
ENLK,10102030,6
ENRJ,10102020,6
EOG,10102020,6
EPE,10102020,6
EPM,10102020,6
EQM,10102040,6
EQT,10102020,6
ESTE,10102020,6
ETE,10102040,6
EVEP,10102020,6
EXXI,10102020,6
FANG,10102020,6
GBR,10102020,6
GNE,55101010,6
GPOR,10102020,6
GST,10102020,6
HES,10102020,6
HUSA,10102020,6
ICD,10101010,6
JONE,10102020,6
LGCY,10102020,6
LPI,10102020,6
MCEP,10102020,6
MCF,10102020,6
MRO,10102020,6
MTDR,10102020,6
MUR,10102020,6
MXC,10102020,6
NBL,10102020,6
NFG,55102010,6
NFX,10102020,6
NGS,10101020,6
NOG,10102020,6
NWN,55102010,6
OAS,10102020,6
OGS,55102010,6
OKE,10102040,6
OKS,10102040,6
OXY,10102010,6
PDCE,10102020,6
PE,10102020,6
PED,10102020,6
PHIIK,10101020,6
PHX,10102020,6
PQ,10102020,6
PXD,10102020,6
QEP,10102020,6
REI,10102020,6
REN,10102020,6
REXX,10102020,6
RICE,10102020,6
RMP,10102040,6
RRC,10102020,6
RSPP,10102020,6
SEP,10102040,6
SM,10102020,6
SMLP,10102040,6
SN,10102020,6
SPP,10102020,6
SWN,10102020,6
SWX,55102010,6
SXE,10102040,6
TAT,10102020,6
TCP,10102040,6
TEGP,10102040,6
TEP,10102040,6
TGC,10102020,6
TRCH,10102020,6
TRGP,10102040,6
TTI,10101020,6
UNT,10101010,6
UPL,10102020,6
USAC,10101020,6
USEG,10102020,6
VNOM,10102020,6
WES,10102040,6
WGP,10102040,6
WLL,10102020,6
WMB,10102040,6
WPX,10102020,6
WPZ,10102040,6
WTI,10102020,6
XCO,10102020,6
XEC,10102020,6
XOM,10102010,6
YUMA,10102020,6
ZN,10102020,6
MPO,10102020,6
PTEN,10101010,6
ADRO,35201010,7
ADXS,35201010,7
AGEN,35201010,7
AGIO,35201010,7
ALDR,35201010,7
ARRY,35201010,7
ATNM,35201010,7
AVEO,35201010,7
BIOC,35201010,7
BMY,35202010,7
BPMC,35201010,7
BPTH,35202010,7
CASI,35201010,7
CHRS,35201010,7
CLRB,35201010,7
CLSN,35201010,7
CLVS,35201010,7
CTIC,35201010,7
CYTR,35201010,7
ECYT,35202010,7
EPZM,35201010,7
EXAS,35201010,7
EXEL,35201010,7
FHCO,30302010,7
FMI,35201010,7
GALE,35201010,7
GHDX,35201010,7
GTXI,35201010,7
ICAD,35103010,7
IMMU,35201010,7
INCY,35201010,7
ISR,35201010,7
KPTI,35201010,7
LOXO,35201010,7
MEIP,35201010,7
MRTX,35201010,7
MYGN,35201010,7
NKTR,35202010,7
NLNK,35201010,7
OGXI,35201010,7
OMED,35201010,7
PBYI,35201010,7
PGNX,35201010,7
RNN,35201010,7
RXDX,35201010,7
SGEN,35201010,7
SPHS,35201010,7
SPPI,35201010,7
TCON,35201010,7
TECH,35203010,7
THLD,35201010,7
TROV,35201010,7
VCYT,35201010,7
VRML,35101010,7
VSTM,35201010,7
XBIT,35201010,7
ALDW,10102030,8
ALJ,10102030,8
ARCX,10102040,8
BKEP,10102040,8
BPL,10102040,8
CVI,10102030,8
CVRR,10102030,8
CVX,10102010,8
DK,10102030,8
DKL,10102040,8
EPD,10102040,8
GEL,10102040,8
GLP,10102040,8
HEP,10102040,8
HFC,10102030,8
KMI,10102040,8
MMLP,10102040,8
MMP,10102040,8
MPC,10102030,8
MPLX,10102040,8
NGL,10102040,8
NS,10102030,8
NSH,10102040,8
PAA,10102040,8
PAGP,10102040,8
PARR,10102030,8
PBF,10102030,8
PBFX,10102040,8
PSX,10102030,8
PSXP,10102040,8
SEMG,10102040,8
SHLX,10102040,8
SRLP,10102040,8
TLLP,10102040,8
TLP,10102040,8
TSO,10102030,8
USDP,10102040,8
VLO,10102030,8
VLP,10102040,8
VTNR,10102030,8
WNR,10102030,8
WNRL,10102040,8
WPT,10102040,8
AHGP,10102050,9
ALCO,30202010,9
AM,10102040,9
AMC,25401030,9
AOS,20102010,9
ARLP,10102050,9
ARTNA,55104010,9
ATW,10101010,9
AUMN,15104040,9
AVHI,25201030,9
AWK,55104010,9
AWR,55104010,9
BBGI,25401020,9
BMI,45203010,9
BTU,10102050,9
BYD,25301010,9
BZH,25201030,9
CACQ,25301010,9
CCS,25201030,9
CDE,15104045,9
CDZI,55104010,9
CHDN,25301010,9
CHE,35102015,9
CHH,25301020,9
CLD,10102050,9
CLF,15104050,9
CNK,25401030,9
CNTY,25301010,9
COKE,30201030,9
COT,30201030,9
CPHC,25301010,9
CQH,10102040,9
CQP,10102040,9
CSV,25302020,9
CTWS,55104010,9
CVCO,25201030,9
CVEO,20201070,9
CWST,20201050,9
CWT,55104010,9
CXW,60101080,9
CZR,25301010,9
DDE,25301010,9
DHI,25201030,9
DO,10101010,9
DPS,30201030,9
DVD,25301030,9
DWSN,10101020,9
EMES,10102030,9
ENSV,10101020,9
EQGP,10102040,9
ERA,10101020,9
ERI,25301010,9
ERII,20106020,9
ERN,10102020,9
FCX,15104025,9
FELP,10102050,9
FGP,55102010,9
FLL,25301010,9
FPP,10102020,9
FUN,25301030,9
GLDD,20103010,9
GMO,15104020,9
GORO,15104030,9
GPIC,25301010,9
GRBK,25201030,9
GVA,20103010,9
GWR,20304010,9
H,25301020,9
HA,20302010,9
HCC,15104050,9
HCLP,10101020,9
HL,15104045,9
HLT,25301020,9
HNRG,10102050,9
HOS,10101020,9
HOV,25201030,9
HP,10101010,9
HTM,55105020,9
ISCA,25301030,9
JYNT,35102020,9
KBH,25201030,9
KSU,20304010,9
LAYN,20103010,9
LEN,25201030,9
LGIH,25201030,9
LMNR,30202010,9
LNG,10102040,9
LODE,15104030,9
LOPE,25302010,9
LQ,25301020,9
LVS,25301010,9
MAR,25301020,9
MBUU,25202010,9
MCRI,25301010,9
MCS,25301020,9
MDC,25201030,9
MDR,10101020,9
MGM,25301010,9
MHO,25201030,9
MLP,60102030,9
MSEX,55104010,9
MSG,25401030,9
MTH,25201030,9
MTN,25301030,9
MWA,20106020,9
NEM,15104030,9
NVR,25201030,9
NWHM,25201030,9
NWPX,20103010,9
NYNY,25301010,9
OCIP,15101010,9
OMEX,20201070,9
PCYO,55104010,9
PENN,25301010,9
PHM,25201030,9
PICO,40201030,9
PNK,25301010,9
PRMW,30201030,9
RDC,10101010,9
RGC,25401030,9
RHP,60101030,9
RLH,25301020,9
RMAX,60102040,9
ROL,20201050,9
RSG,20201050,9
SAEX,10101020,9
SCCO,15104025,9
SCI,25302020,9
SEAS,25301030,9
SGMS,25301010,9
SIX,25301030,9
SJW,55104010,9
SKYW,20302010,9
SNOW,25301030,9
STAY,25301020,9
STON,25302020,9
STRL,20103010,9
SXC,15104050,9
SXCP,15104050,9
TAHO,15104030,9
TDW,10101020,9
TGEN,20102010,9
TMHC,25201030,9
TOL,25201030,9
TPH,25201030,9
TRC,60102010,9
TRK,25301030,9
UAL,20302010,9
UAMY,15104020,9
UCP,25201030,9
UEC,10102050,9
URG,10102050,9
URRE,10102050,9
UWN,25301010,9
VAC,25301020,9
VGZ,15104030,9
WLB,10102050,9
WLH,25201030,9
WMLP,10102050,9
WMS,20102010,9
WTR,55104010,9
WTS,20106020,9
WYN,25301020,9
WYNN,25301010,9
XYL,20106020,9
YORW,55104010,9
NYLD,55105010,9
ABCB,40101015,10
ACFC,40102010,10
AF,40102010,10
AMRB,40101015,10
ATLO,40101015,10
BANR,40101015,10
BCBP,40101015,10
BHB,40101015,10
BHBK,40101015,10
BKJ,40101015,10
BKMU,40102010,10
BKSC,40101015,10
BKU,40101015,10
BLMT,40102010,10
BNCL,40102010,10
BNCN,40101015,10
BOCH,40101015,10
BOFI,40102010,10
BRKL,40101015,10
BSF,40102010,10
BSRR,40101015,10
BWFG,40101015,10
BYBK,40101015,10
CAC,40101015,10
CACB,40101015,10
CARV,40102010,10
CASH,40102010,10
CATY,40101015,10
CBAN,40101015,10
CBF,40101015,10
CBFV,40101015,10
CCNE,40101015,10
CFBK,40102010,10
CFFN,40102010,10
CFNB,40101015,10
CHFN,40102010,10
CIVB,40101015,10
CNBKA,40101015,10
CNOB,40101015,10
CSBK,40102010,10
CTBI,40101015,10
CUNB,40101015,10
CVCY,40101015,10
CVLY,40101015,10
CWAY,40102010,10
DCOM,40102010,10
EBMT,40101015,10
EBSB,40102010,10
EBTC,40101015,10
ESSA,40102010,10
ESXB,40101015,10
FBMS,40101015,10
FBNC,40101015,10
FBNK,40101015,10
FCCY,40101015,10
FFIC,40101015,10
FFNW,40101015,10
FNLC,40101015,10
FNWB,40101015,10
FRBA,40101015,10
FRBK,40101015,10
FSB,40101015,10
FSBK,40101015,10
FUNC,40101015,10
GBCI,40101015,10
GBNK,40101015,10
GNBC,40101015,10
GSBC,40101015,10
GWB,40101015,10
HAFC,40101015,10
HBCP,40102010,10
HBMD,40101015,10
HFBC,40102010,10
HFWA,40101015,10
HIFS,40102010,10
HMNF,40102010,10
HTBI,40101015,10
HTLF,40101015,10
IBTX,40101015,10
ICBK,40101015,10
INBK,40101015,10
INDB,40101015,10
ISBC,40101015,10
ISTR,40101015,10
KRNY,40102010,10
LARK,40101015,10
LBAI,40101015,10
LCNB,40101015,10
LION,40101015,10
LTXB,40101015,10
MBTF,40101015,10
MBWM,40101015,10
MCBC,40101015,10
MFNC,40101015,10
MFSF,40101015,10
MLVF,40102010,10
MSBF,40102010,10
MSFG,40101015,10
MSL,40101015,10
NBHC,40101015,10
NBN,40101015,10
NBTB,40101015,10
NCOM,40101015,10
NFBK,40102010,10
NRIM,40101015,10
NWFL,40101015,10
NYCB,40102010,10
OCFC,40102010,10
OLBK,40101015,10
ORIT,40102010,10
ORRF,40101015,10
OSBC,40101015,10
OVLY,40101015,10
OZRK,40101015,10
PACW,40101015,10
PB,40101015,10
PBHC,40102010,10
PBIP,40102010,10
PEBK,40101015,10
PEBO,40101015,10
PFBC,40101015,10
PFBX,40101015,10
PFIS,40101015,10
PFS,40102010,10
PKBK,40101015,10
PLBC,40101015,10
PMBC,40101015,10
PPBI,40101015,10
PROV,40102010,10
PWOD,40101015,10
RBCAA,40101015,10
RVSB,40102010,10
SAL,40101015,10
SBCP,40101015,10
SBSI,40101015,10
SFBS,40101015,10
SFNC,40101015,10
SFST,40101015,10
SGBK,40101015,10
SIFI,40102010,10
SLCT,40101015,10
SLM,40202010,10
SNBC,40101015,10
SONA,40101015,10
SSFN,40101015,10
STL,40101015,10
SVBI,40102010,10
TBBK,40101015,10
TBNK,40102010,10
TFSL,40102010,10
THFF,40101015,10
TRCB,40101015,10
TREE,40102010,10
TSBK,40102010,10
UBCP,40101015,10
UBNK,40102010,10
UCBI,40101015,10
UCFC,40102010,10
UMPQ,40101015,10
UNB,40101015,10
UNTY,40101015,10
VLY,40101015,10
WABC,40101015,10
WAFD,40102010,10
WAL,40101015,10
WFBI,40101015,10
WTBA,40101015,10
AA,15104010,11
AAON,20102010,11
AAP,25504050,11
AAWW,20301010,11
ABCD,25302010,11
ABG,25504050,11
ACET,35102010,11
ACTG,20202020,11
ADM,30202010,11
AEGN,20103010,11
AGCO,20106015,11
AIMC,20106020,11
AIN,20106020,11
AIRI,20101010,11
AKS,15104050,11
AL,20107010,11
ALB,15101050,11
ALG,20106010,11
ALGN,35101020,11
ALGT,20302010,11
ALK,20302010,11
ALSN,20106010,11
AMD,45301020,11
AMRK,40201040,11
AMRS,10102030,11
AMTX,10102030,11
AMWD,20102010,11
AN,25504050,11
ANDE,30101020,11
AP,15104050,11
APD,15101040,11
APDN,45203010,11
APOG,20102010,11
APU,55102010,11
ARCW,20106020,11
ARII,20106010,11
ARTW,20106015,11
ASFI,40202010,11
ASH,15101050,11
ASH,15101050,11
ASPN,10101020,11
ASTC,20101010,11
ASTE,20106010,11
ATI,15104050,11
ATLC,40202010,11
ATR,15103010,11
ATSG,20301010,11
AVD,15101030,11
AVY,15103020,11
AWI,20102010,11
AXL,25101010,11
AXTA,15101050,11
AYI,20104010,11
AYR,20107010,11
AZZ,20104020,11
BC,25202010,11
BCC,15105010,11
BCPC,15101050,11
BECN,20107010,11
BERY,15103010,11
BG,30202010,11
BGC,20104010,11
BGG,20106020,11
BLBD,20106010,11
BLDR,20102010,11
BLL,15103010,11
BMS,15103020,11
BOOM,20106020,11
BRC,20201010,11
BRKR,35203010,11
BRSS,20106020,11
BWA,25101010,11
BWEN,20104020,11
BXC,20107010,11
CACC,40202010,11
CAR,20304020,11
CAT,20106010,11
CBOE,40203040,11
CBPX,20102010,11
CBT,15101010,11
CCC,15101010,11
CCF,15101050,11
CCK,15103010,11
CCMP,45301010,11
CDTI,25101010,11
CDXS,15101050,11
CE,15101050,11
CECO,25302010,11
CENX,15104010,11
CF,15101030,11
CFI,25203030,11
CFX,20106020,11
CGNX,45203010,11
CHGG,25302010,11
CIX,20201060,11
CKH,10101020,11
CLIR,45203010,11
CLMT,10102030,11
CLW,15105020,11
CMC,15104050,11
CMCO,20106020,11
CMP,15104020,11
CMT,15101010,11
CPRT,20201070,11
CPS,25101010,11
CPSS,40202010,11
CR,20106020,11
CRDS,45202030,11
CRMT,25504050,11
CRS,15104050,11
CSL,20105010,11
CTB,25101020,11
CUO,20102010,11
CVGI,20106010,11
CVO,20201010,11
CVU,20101010,11
DAL,20302010,11
DAN,25101010,11
DAR,30202010,11
DCI,20106020,11
DD,15101020,11
DDD,45202030,11
DE,20106015,11
DEL,15105010,11
DNOW,20107010,11
DOOR,20102010,11
DOW,15101020,11
DRQ,10101020,11
DSS,45103020,11
DXYN,25201020,11
ECL,15101050,11
ECPG,40202010,11
EFII,45202030,11
EFOI,20104010,11
EMAN,45203020,11
EML,20106020,11
EMN,15101020,11
EVA,10102050,11
EVI,20107010,11
EXP,15102010,11
F,25102010,11
FARO,45203010,11
FAST,20107010,11
FBHS,20102010,11
FENX,25501010,11
FET,10101020,11
FF,15101050,11
FLXS,25201020,11
FMC,15101030,11
FMSA,10101020,11
FOE,15101050,11
FORD,25203010,11
FOXF,25101010,11
FRD,15104050,11
FSTR,20106020,11
FTAI,20107010,11
FTEK,20201050,11
FTK,15101050,11
FUL,15101050,11
GBX,20106010,11
GEF,15103010,11
GENC,20106020,11
GEOS,10101020,11
GEVO,10102030,11
GFF,20102010,11
GFN,20107010,11
GGG,20106020,11
GIFI,10101020,11
GLT,15105020,11
GLW,45203015,11
GM,25102010,11
GNRC,20104010,11
GNTX,25101010,11
GPC,25501010,11
GPI,25504050,11
GPK,15103020,11
GPRE,10102030,11
GRA,15101050,11
GRC,20106020,11
GT,25101020,11
GTLS,20106020,11
GWW,20107010,11
HAYN,15104050,11
HBIO,35203010,11
HBP,20107010,11
HDNG,20106020,11
HDS,20107010,11
HDSN,20201050,11
HEES,20107010,11
HI,20106020,11
HNH,15104050,11
HNI,20201060,11
HOG,25102020,11
HSC,20106020,11
HTZ,20304020,11
HUN,15101020,11
HURC,20106020,11
HWCC,20107010,11
HWKN,15101010,11
HXL,20101010,11
HZO,25504040,11
IBP,25201030,11
ICCC,35201010,11
IDSA,20201050,11
IEP,20105010,11
IIIN,20102010,11
IMI,45301020,11
INGR,30202010,11
IOSP,15101050,11
IP,15103020,11
IPHS,15101050,11
IPI,15101030,11
IRBT,25201040,11
ITW,20106020,11
JASN,20106020,11
JBLU,20302010,11
JBT,20106020,11
JOUT,25202010,11
KAI,20106020,11
KALU,15104010,11
KAR,20201070,11
KEM,45203020,11
KEQU,35101010,11
KEX,20303010,11
KMG,15101050,11
KMT,20106020,11
KMX,25504050,11
KOP,15101010,11
KRA,15101050,11
KRO,15101010,11
KS,15105020,11
KTCC,45203020,11
LABL,20201010,11
LAD,25504050,11
LAKE,25203010,11
LAWS,20107010,11
LBY,25201050,11
LDL,20106020,11
LECO,20106020,11
LEG,25201020,11
LEU,10102050,11
LII,20102010,11
LKQ,25501010,11
LL,25504030,11
LNDC,30202030,11
LNN,20106015,11
LPG,10102040,11
LPX,15105010,11
LRAD,45203010,11
LUV,20302010,11
LXU,15101020,11
LYTS,20104010,11
MARA,20202020,11
MAS,20102010,11
MATW,20201070,11
MBII,15101030,11
MGPI,30201020,11
MGRC,20201070,11
MHK,25201020,11
MIDD,20106020,11
MIND,10101020,11
MINI,20201070,11
MLAB,45203010,11
MLI,20106020,11
MLM,15102010,11
MLR,20106010,11
MNGA,20201050,11
MNRO,25504050,11
MNST,30201030,11
MNTX,20106010,11
MO,30203010,11
MOCO,45203010,11
MOD,25101010,11
MON,15101030,11
MOS,15101030,11
MPAA,25101010,11
MPX,25202010,11
MRLN,40201040,11
MSA,20201060,11
MSM,20107010,11
MTD,35203010,11
MTOR,20106010,11
MTRN,15104020,11
MTW,20106010,11
MTX,15101050,11
MYE,15103010,11
NAV,20106010,11
NCS,20102010,11
NEOG,35101020,11
NEU,15101050,11
NICK,40202010,11
NL,20201060,11
NOV,10101020,11
NP,15105020,11
NPK,20101010,11
NPO,20106020,11
NTIC,15101050,11
NUE,15104050,11
NVDA,45301020,11
NVEC,45301020,11
NWL,25201050,11
NX,20102010,11
OBCI,30301010,11
OC,20102010,11
OFLX,20106020,11
OI,15103010,11
OII,10101020,11
OLED,45203015,11
OLN,15101010,11
OME,30202030,11
OMN,15101050,11
ORLY,25504050,11
ORN,20103010,11
OSK,20106010,11
OTTR,55101010,11
PACB,35203010,11
PAG,25504050,11
PAH,15101050,11
PANL,20303010,11
PATK,20102010,11
PCAR,20106010,11
PDEX,35101010,11
PEIX,10102030,11
PFIE,10101020,11
PFIN,25201040,11
PGEM,20102010,11
PGTI,20102010,11
PHMD,35101010,11
PII,25202010,11
PKG,15103020,11
PKOH,20301010,11
PLOW,20106010,11
PLPC,20104010,11
PLT,45201020,11
PLUG,20104010,11
POL,15101050,11
POOL,25501010,11
PPG,15101050,11
PRAA,40202010,11
PRCP,45203010,11
PRLB,20106020,11
PRTS,25502020,11
PX,15101040,11
QRHC,20201050,11
RAI,30203010,11
RAIL,20106010,11
RAVN,20105010,11
REFR,45203010,11
REGI,10102030,11
RESN,45201020,11
REX,10102030,11
RGR,25202010,11
RGSE,20104010,11
RIBT,30202030,11
RKDA,30202010,11
RLOG,20303010,11
ROCK,20102010,11
ROLL,20106020,11
RPM,15101050,11
RS,15104050,11
RTK,15105010,11
RUSHA,20107010,11
RVLT,20104010,11
RYAM,15101050,11
SAH,25504050,11
SANW,30202010,11
SAVE,20302010,11
SC,40202010,11
SCHN,15104050,11
SCL,15101050,11
SCON,45203015,11
SCS,20201060,11
SCX,20106020,11
SDPI,10101020,11
SEB,30202030,11
SERV,25302020,11
SGU,55102010,11
SHLM,15101050,11
SHLO,25101010,11
SHW,15101050,11
SIF,20101010,11
SKY,25201030,11
SLCA,10101020,11
SLGN,15103010,11
SMP,25101010,11
SNMX,15101050,11
SON,15103020,11
SPAR,25101010,11
SPLP,40201030,11
SSD,20102010,11
SSYS,45202030,11
STLD,15104050,11
STMP,45101010,11
STS,20106010,11
SUM,15102010,11
SUP,25101010,11
SVT,20104010,11
SWM,15105020,11
SXT,15101050,11
SYNL,15104050,11
SYPR,25101010,11
SYX,45203030,11
TACT,45202030,11
TAX,25302020,11
TAYD,20106020,11
TEN,25101010,11
TEX,20106010,11
TG,15101010,11
THO,25102010,11
TILE,20201060,11
TITN,20107010,11
TKR,20106020,11
TMST,15104050,11
TNC,20106020,11
TNH,15101030,11
TOWR,25101010,11
TPC,20103010,11
TREC,15101010,11
TREX,20102010,11
TRN,20106010,11
TROX,15101010,11
TRS,20106020,11
TSE,15101010,11
TTC,20106015,11
TTMI,45203020,11
TTS,25504030,11
TWI,20106015,11
UAN,15101030,11
UFI,25203030,11
UFPI,20102010,11
UFPT,15103020,11
UNF,20201070,11
UNP,20304010,11
UNXL,45203020,11
URI,20107010,11
USAP,15104050,11
USCR,15102010,11
USG,20102010,11
USLM,15102010,11
UTI,25302010,11
UUU,45203010,11
UVV,30203010,11
VAL,15101050,11
VHI,15101050,11
VIRC,20201060,11
VMC,15102010,11
VMI,20103010,11
VRTV,20107010,11
WAB,20106010,11
WAIR,20101010,11
WAT,35203010,11
WATT,20104010,11
WGO,25102010,11
WIRE,20104010,11
WLFC,20107010,11
WLK,15101010,11
WLKP,15101010,11
WNC,20106010,11
WOR,15104050,11
WRLD,40202010,11
WSO,20107010,11
WY,60101080,11
X,15104050,11
XON,35201010,11
XONE,20106020,11
XPLR,45202030,11
XRM,20106020,11
XXII,30203010,11
ZAGG,25201010,11
ZEUS,15104050,11
BDE,25202010,11
DORM,25101010,11
KWR,15101050,11
AAC,35102020,12
ABAX,35101010,12
ABC,35102010,12
ABMD,35101010,12
ABT,35101010,12
ACHC,35102020,12
ADK,35102020,12
ADUS,35102015,12
AHPI,35101010,12
AIQ,35102015,12
ALOG,35101010,12
ALQA,35101020,12
ALR,35101020,12
AMED,35102015,12
AMS,35102015,12
ANGO,35101010,12
ANIK,35101020,12
ANTM,35102030,12
ARAY,35101010,12
ATEC,35101010,12
ATHN,35103010,12
ATRC,35101010,12
ATRI,35101020,12
AVGR,35101010,12
AXDX,35203010,12
AXGN,35101010,12
BABY,35101010,12
BASI,35203010,12
BAX,35101010,12
BCR,35101010,12
BDX,35101010,12
BEAT,35102015,12
BFAM,25302010,12
BIO,35203010,12
BIOL,35101010,12
BIOS,35102015,12
BKD,35102020,12
BSX,35101010,12
BVX,35101010,12
CAH,35102010,12
CASM,35101010,12
CBMX,35203010,12
CEMI,35101020,12
CERN,35103010,12
CERS,35101020,12
CGNT,35101010,12
CIVI,35102015,12
CNC,35102030,12
CNMD,35101010,12
COO,35101020,12
COOL,45103030,12
CRCM,45101010,12
CRY,35101010,12
CSII,35101010,12
CSLT,35103010,12
CSU,35102020,12
CTLT,35202010,12
CTSO,35101010,12
CUTR,35101010,12
CVS,30101010,12
CYH,35102020,12
DGX,35102015,12
DHR,35101010,12
DPLO,35102015,12
DRAD,35102015,12
DV,25302010,12
DVA,35102015,12
DVCR,35102020,12
DXCM,35101010,12
DYNT,35101010,12
ELGX,35101020,12
ELMD,35101010,12
ENSG,35102020,12
ENTL,35101010,12
ESRX,35102015,12
EVHC,35102015,12
EW,35101010,12
EXAC,35101010,12
EYES,35101010,12
FONR,35101010,12
FVE,35102020,12
GEN,35102020,12
GMED,35101010,12
GNMK,35101010,12
HAE,35101020,12
HCA,35102020,12
HLS,35102020,12
HLTH,35102015,12
HMSY,35103010,12
HOLX,35101010,12
HQY,35102030,12
HRC,35101010,12
HSIC,35102010,12
HSKA,35202010,12
HTGM,35103010,12
HUM,35102030,12
HYH,35101020,12
IART,35101010,12
ICUI,35101020,12
IDXX,35101010,12
ILMN,35203010,12
INGN,35101010,12
IRIX,35101010,12
IRMD,35101010,12
ISRG,35101010,12
IVC,35101010,12
JNJ,35202010,12
KND,35102020,12
KTWO,35101010,12
LDR,35102015,12
LH,35102015,12
LHCG,35102015,12
LLY,35202010,12
LMAT,35101010,12
LMNX,35203010,12
LPNT,35102020,12
MASI,35101010,12
MD,35102015,12
MDRX,35103010,12
MDVX,35101010,12
MDXG,35201010,12
MGCD,35101010,12
MGLN,35102030,12
MMSI,35101020,12
MOH,35102030,12
MRK,35202010,12
MSON,35101010,12
NEO,35203010,12
NHC,35102020,12
NRCIA,35102015,12
NSTG,35203010,12
NURO,35101010,12
NUVA,35101010,12
NVTA,35201010,12
NXTM,35101010,12
OMCL,35103010,12
OPGN,35201010,12
OSUR,35101020,12
PAHC,35202010,12
PDCO,35102010,12
PKI,35203010,12
PMC,35102010,12
PMD,35102015,12
PODD,35101010,12
QDEL,35101020,12
RDNT,35102015,12
RMD,35101010,12
ROKA,35101010,12
RTIX,35101020,12
RVP,35101020,12
SEE,15103020,12
SEM,35102020,12
SIEN,35101020,12
SMED,35102015,12
SPAN,35101020,12
SPNC,35101020,12
SRDX,35101010,12
SSY,35102020,12
STAA,35101020,12
SYK,35101010,12
TEAR,35101020,12
TFX,35101010,12
THC,35102020,12
TMO,35203010,12
TNDM,35101010,12
TRXC,35101010,12
TTOO,35201010,12
UG,30302010,12
UHS,35102020,12
UNH,35102030,12
USPH,35102020,12
UTMD,35101020,12
VAR,35101010,12
VIVO,35101020,12
WAGE,20202010,12
WBMD,45101010,12
WCG,35102030,12
WOOF,35102020,12
XRAY,35101020,12
ZTS,35202010,12
AFAM,35102015,12
INFU,35102015,12
A,35203010,13
ACLS,45301010,13
ADI,45301020,13
AEHR,45301010,13
AEIS,45301010,13
AETI,20104010,13
AIT,20107010,13
AJRD,20101010,13
ALOT,45202030,13
AMAT,45301010,13
AME,20104010,13
AMKR,45301010,13
AMOT,20104010,13
AMSC,20104010,13
AOSL,45301020,13
APH,45203015,13
ARTX,20101010,13
ASYS,45301010,13
ATRO,20101010,13
AVAV,20101010,13
AVT,45203030,13
AVX,45203015,13
AXE,45203030,13
AXTI,45301010,13
B,20106020,13
BA,20101010,13
BDC,45203015,13
BELFB,45201020,13
BHE,45203020,13
CDNS,45103010,13
CECE,20201050,13
CEVA,45301020,13
CIR,20106020,13
CMI,20106010,13
CMTL,45201020,13
COHR,45203010,13
COHU,45301010,13
COL,20101010,13
CPST,20104020,13
CREE,45301020,13
CRUS,45301020,13
CTS,45203020,13
CUI,45203010,13
CVV,45301010,13
CW,20101010,13
CY,45301020,13
CYBE,45301010,13
DAIO,45203020,13
DCO,20101010,13
DIOD,45301020,13
DOV,20106020,13
DPW,20104010,13
DRAM,45202030,13
DYSL,45203010,13
ELON,45203020,13
EMR,20104010,13
ENPH,20104010,13
ENS,20104010,13
ENTG,45301010,13
ESE,20106020,13
ESIO,45203010,13
ESL,20101010,13
ESP,20104010,13
FEIM,45203010,13
FELE,20106020,13
FLIR,45203010,13
FLS,20106020,13
FNSR,45201020,13
FORM,45301010,13
FSLR,45301020,13
FSS,20106010,13
GD,20101010,13
GHM,20106020,13
GIGA,45203010,13
GSIT,45301020,13
HEI,20101010,13
HON,20105010,13
HRS,45201020,13
IDTI,45301020,13
IEC,45203020,13
IESC,20103010,13
IEX,20106020,13
IIN,45203015,13
IIVI,45203015,13
INTC,45301020,13
INTT,45301010,13
IPGP,45203020,13
IPHI,45301020,13
IPWR,20104010,13
ISNS,45203010,13
ISSC,20101010,13
ITI,45203010,13
ITT,20106020,13
IVAC,45202030,13
IXYS,45301020,13
KAMN,20107010,13
KEYS,45203010,13
KLAC,45301010,13
KN,45203015,13
KOPN,45301020,13
KTOS,20101010,13
LEA,25101010,13
LFUS,45203015,13
LGL,45203015,13
LLL,20101010,13
LMIA,20101010,13
LMT,20101010,13
LPTH,45203010,13
LRCX,45301010,13
LSCC,45301020,13
LUNA,45203010,13
MCHP,45301020,13
MEI,45203020,13
MG,20202020,13
MICT,20101010,13
MKSI,45301010,13
MMM,20105010,13
MOSY,45301020,13
MPWR,45301020,13
MRCY,20101010,13
MSCC,45301020,13
MTSC,45203010,13
MTSI,45301020,13
MU,45301020,13
MVIS,45203010,13
MXIM,45301020,13
MXL,45301020,13
MXWL,45203020,13
NANO,45301010,13
NATI,45203010,13
NDSN,20106020,13
NLST,45203020,13
NNBR,20106020,13
NOC,20101010,13
NPTN,45301020,13
NSSC,45203010,13
OA,20101010,13
OCLR,45201020,13
OESX,20104010,13
ON,45301020,13
OPTT,20104020,13
OSIS,45203010,13
PCTI,45201020,13
PDFS,45301010,13
PH,20106020,13
PKE,45203020,13
PLAB,45301010,13
POWI,45301020,13
POWL,20104010,13
PRKR,45201020,13
QBAK,45202030,13
QRVO,45301020,13
QUIK,45301020,13
RBC,20104010,13
RBCN,45301010,13
RELL,45203030,13
RFIL,45203020,13
RMBS,45301020,13
ROG,45203015,13
ROK,20104010,13
ROP,20105010,13
RTEC,45301010,13
RTN,20101010,13
RXN,20106020,13
SANM,45203020,13
SEV,45301020,13
SLAB,45301020,13
SMTC,45301020,13
SNA,20106020,13
SNHY,20106020,13
SNPS,45103010,13
SPA,20101010,13
SPR,20101010,13
SPWR,45301020,13
SRI,25101010,13
STRT,25101010,13
SWK,20106020,13
SWKS,45301020,13
SXI,20106020,13
SYNA,45301020,13
TDG,20101010,13
TDY,20101010,13
TER,45301010,13
TGI,20101010,13
THR,20104010,13
THRM,25101010,13
TIK,20101010,13
TRT,45301010,13
TWIN,20106010,13
TXN,45301020,13
TXT,20101010,13
UCTT,45301010,13
UEIC,25201010,13
ULBI,20104010,13
UQM,25101010,13
UTEK,45301010,13
UTX,20101010,13
VC,25101010,13
VECO,45301010,13
VICR,20104010,13
VOXX,25101010,13
VPG,45203010,13
VSH,45203015,13
WCC,20107010,13
WPCS,45102010,13
WSCI,20106020,13
WST,35101020,13
WTT,45203010,13
WWD,20106020,13
XCRA,45301010,13
XLNX,45301020,13
ATU,20106020,13
AAME,40301030,14
AEL,40301020,14
AET,35102030,14
AFG,40301030,14
AFH,40301040,14
AFL,40301020,14
AFSI,40301040,14
AIG,40301030,14
AIZ,40301030,14
AJG,40301010,14
ALL,40301040,14
AMSF,40301040,14
ANAT,40301030,14
BRO,40301010,14
BWINB,40301040,14
CI,35102030,14
CIA,40301020,14
CINF,40301040,14
CNA,40301040,14
CNO,40301020,14
CNXR,35103010,14
DGICA,40301040,14
EBIX,45103010,14
EHTH,40301010,14
EIG,40301040,14
EMCI,40301040,14
ERIE,40301040,14
FAC,40301040,14
FAF,40301040,14
FFG,40301020,14
FGL,40301020,14
FNF,40301040,14
FNFV,40201030,14
FNHC,40301040,14
GNW,40301020,14
GTS,35102030,14
GWGH,40201040,14
HALL,40301040,14
HCI,40301040,14
HIG,40301030,14
HIIQ,40301010,14
HMN,40301030,14
HRG,30301010,14
HRTG,40301040,14
IHC,40301020,14
IPCC,40301040,14
KINS,40301040,14
KMPR,40301030,14
L,40301030,14
LNC,40301020,14
MBI,40301040,14
MCY,40301040,14
MET,40301020,14
MKL,40301040,14
NAVG,40301040,14
NGHC,40301030,14
NWLI,40301020,14
ORI,40301040,14
PFG,40301020,14
PGR,40301040,14
PIH,40301040,14
PRA,40301040,14
PRI,40301020,14
PRU,40301020,14
RGA,40301050,14
RLI,40301040,14
SAFT,40301040,14
SIGI,40301040,14
SNC,40301040,14
SNFCA,40102010,14
STBA,40101015,14
STFC,40301040,14
THG,40301040,14
TMK,40301020,14
TRV,40301040,14
UFCS,40301040,14
UHAL,20304020,14
UIHC,40301040,14
UNAM,40301040,14
UNM,40301020,14
UVE,40301040,14
VRSK,20202020,14
WRB,40301040,14
Y,40301050,14
ABBV,35201010,15
ABIO,35201010,15
ACAD,35201010,15
ACHN,35201010,15
ACOR,35201010,15
ACRX,35202010,15
ADMP,35202010,15
ADMS,35201010,15
AERI,35202010,15
AGRX,35202010,15
AKAO,35202010,15
AKBA,35201010,15
AKRX,35202010,15
ALDX,35201010,15
ALIM,35202010,15
ALNY,35201010,15
ALXN,35201010,15
AMAG,35201010,15
AMPE,35202010,15
AMPH,35202010,15
AMRI,35203010,15
ANIP,35202010,15
ANTH,35201010,15
APRI,35202010,15
ARDM,35202010,15
ARDX,35201010,15
ARNA,35201010,15
ARWR,35201010,15
ASMB,35202010,15
ATRS,35101020,15
BCRX,35201010,15
BDSI,35202010,15
BIIB,35201010,15
BLPH,35101010,15
BMRN,35201010,15
BSTC,35201010,15
CAPN,35101010,15
CAPR,35201010,15
CARA,35201010,15
CBAY,35202010,15
CBM,35203010,15
CDTX,35201010,15
CEMP,35202010,15
CFRX,35201010,15
CMRX,35201010,15
CNAT,35201010,15
CNCE,35201010,15
COLL,35202010,15
CORI,35202010,15
CORT,35202010,15
CPRX,35201010,15
CRBP,35201010,15
CRMD,35201010,15
CTRV,35202010,15
CYTK,35201010,15
DEPO,35202010,15
DERM,35202010,15
DRNA,35201010,15
DRRX,35202010,15
EBS,35201010,15
EGLT,35202010,15
EGRX,35201010,15
ENTA,35201010,15
ENZ,35203010,15
ESPR,35201010,15
ETRM,35101010,15
EVOK,35202010,15
FGEN,35201010,15
FLKS,35202010,15
FLXN,35201010,15
FOLD,35201010,15
GALT,35201010,15
GILD,35201010,15
HEB,35201010,15
IBIO,35201010,15
ICPT,35201010,15
IDRA,35201010,15
IGC,35202010,15
IMMY,35202010,15
INCR,35203010,15
INFI,35201010,15
INSM,35201010,15
INSY,35201010,15
IRWD,35201010,15
ITCI,35202010,15
ITEK,35201010,15
JAGX,35202010,15
JNP,35202010,15
KERX,35201010,15
KIN,35201010,15
KMPH,35202010,15
LCI,35202010,15
LGND,35201010,15
LIFE,35201010,15
LJPC,35201010,15
LPCN,35202010,15
LXRX,35201010,15
MDCO,35202010,15
MNKD,35201010,15
MNOV,35201010,15
MNTA,35201010,15
MRNS,35202010,15
MYOS,30302010,15
NAVB,35201010,15
NBIX,35201010,15
NBY,35202010,15
NEOT,35201010,15
NNVC,35201010,15
NVAX,35201010,15
NVIV,35101010,15
NVRO,35101010,15
OCRX,35202010,15
OCUL,35202010,15
OGEN,35201010,15
OHRP,35201010,15
OMER,35202010,15
ONCE,35201010,15
OPHT,35201010,15
OPK,35201010,15
OREX,35202010,15
OTIC,35201010,15
OVAS,35201010,15
PCRX,35202010,15
PETX,35202010,15
PFE,35202010,15
PFNX,35201010,15
PRAH,35203010,15
PRTO,35201010,15
PSDV,35203010,15
PTIE,35202010,15
PTLA,35201010,15
PTN,35201010,15
PTX,35202010,15
RARE,35201010,15
REGN,35201010,15
REPH,35201010,15
RGEN,35201010,15
RGLS,35201010,15
RMTI,35101010,15
RPRX,35202010,15
RTRX,35201010,15
RVNC,35202010,15
RXII,35201010,15
SAGE,35201010,15
SCLN,35202010,15
SCMP,35202010,15
SCYX,35202010,15
SGYP,35201010,15
SLP,35103010,15
SNSS,35201010,15
SRPT,35201010,15
SSH,35101010,15
STDY,35202010,15
SUPN,35202010,15
SYN,35201010,15
TENX,35201010,15
TNXP,35201010,15
TRVN,35201010,15
TTPH,35202010,15
TXMD,35202010,15
UTHR,35201010,15
VCEL,35201010,15
VICL,35201010,15
VKTX,35201010,15
VNDA,35201010,15
VRTX,35201010,15
VSAR,35201010,15
VVUS,35202010,15
XENT,35202010,15
XLRN,35201010,15
XOMA,35201010,15
ZFGN,35201010,15
ZGNX,35202010,15
AGTC,35201010,15
HRTX,35201010,15
ONVO,35201010,15
ADMA,35201010,16
AMGN,35201010,16
ARQL,35201010,16
AST,35201010,16
ATHX,35201010,16
ATRA,35201010,16
BCLI,35201010,16
BLCM,35201010,16
BLFS,35101020,16
BLUE,35201010,16
BTX,35201010,16
CALA,35201010,16
CBLI,35201010,16
CBMG,35201010,16
CELG,35201010,16
CERU,35201010,16
CLDX,35201010,16
CRIS,35201010,16
CUR,35201010,16
CYCC,35201010,16
CYTX,35201010,16
DVAX,35201010,16
EBIO,35201010,16
FATE,35201010,16
FBIO,35201010,16
FCSC,35201010,16
FPRX,35201010,16
GERN,35201010,16
GNCA,35201010,16
GNVC,35201010,16
HALO,35201010,16
HSGX,35201010,16
HTBX,35201010,16
IMGN,35201010,16
IMNP,35201010,16
IMUC,35201010,16
INO,35201010,16
JUNO,35201010,16
KITE,35201010,16
KOOL,35101010,16
LBIO,35201010,16
MGNX,35201010,16
ONTX,35201010,16
OPXA,35201010,16
PPHM,35201010,16
RIGL,35201010,16
SGMO,35201010,16
SRNE,35201010,16
TGTX,35201010,16
TSRO,35201010,16
VTL,35201010,16
XNCR,35201010,16
ZIOP,35201010,16
IMDZ,35201010,16
VBIV,35201010,16
ARKR,25301040,17
BBRG,25301040,17
BDL,25301040,17
BH,25301040,17
BJRI,25301040,17
BLMN,25301040,17
BOBE,25301040,17
BOJA,25301040,17
BWLD,25301040,17
CAKE,25301040,17
CBRL,25301040,17
CHUY,25301040,17
CMG,25301040,17
DAVE,25301040,17
DENN,25301040,17
DIN,25301040,17
DNKN,25301040,17
DRI,25301040,17
EAT,25301040,17
FRGI,25301040,17
GRUB,45101010,17
GTIM,25301040,17
HABT,25301040,17
JACK,25301040,17
KONA,25301040,17
LOCO,25301040,17
LTRPA,25502020,17
LUB,25301040,17
MCD,25301040,17
NATH,25301040,17
NDLS,25301040,17
NTN,25401030,17
PPC,30202030,17
PZZA,25301040,17
RAVE,25301040,17
RICK,25301030,17
RRGB,25301040,17
RT,25301040,17
RUTH,25301040,17
SHAK,25301040,17
SONC,25301040,17
STKS,25301040,17
TA,25504050,17
TACO,25301040,17
TAST,25301040,17
TRIP,25502020,17
TXRH,25301040,17
WEN,25301040,17
YUM,25301040,17
ZOES,25301040,17
ARCB,20304020,18
CGI,20304020,18
CHRW,20301010,18
CSX,20304010,18
CVTI,20304020,18
ECHO,20301010,18
EXPD,20301010,18
FDX,20301010,18
FWRD,20301010,18
HTLD,20304020,18
HUBG,20301010,18
JBHT,20304020,18
KNX,20304020,18
LSTR,20304020,18
MATX,20303010,18
MRTN,20304020,18
NSC,20304010,18
ODFL,20304020,18
PTSI,20304020,18
R,20304020,18
RLGT,20301010,18
RRTS,20304020,18
SAIA,20304020,18
SWFT,20304020,18
UPS,20301010,18
USAK,20304020,18
WERN,20304020,18
XPO,20301010,18
YRCW,20304020,18
AAMC,60102040,19
AB,40203010,19
AMG,40203010,19
AMP,40203010,19
AMTD,40203020,19
APAM,40203010,19
ARES,40203010,19
BEN,40203010,19
BGCP,40203020,19
BK,40203010,19
BLK,40203010,19
BPFH,40101015,19
BX,40203010,19
CBG,60102040,19
CME,40203040,19
CNS,40203010,19
COWN,40203020,19
DEA,60101040,19
DHIL,40203010,19
ENV,45101010,19
ETFC,40203020,19
EV,40203010,19
EVR,40203020,19
FBRC,40203020,19
FIG,40203010,19
FII,40203010,19
FNGN,40203010,19
FSAM,40203010,19
GBL,40203010,19
GCAP,40203020,19
GHL,40203020,19
GROW,40203010,19
GS,40203020,19
HNNA,40203010,19
IBKR,40203020,19
ICE,40203040,19
IFMI,40203030,19
INTL,40203020,19
ITG,40203020,19
IVZ,40203010,19
JLL,60102040,19
JMP,40203030,19
JNS,40203010,19
KCG,40203020,19
LC,40202010,19
LM,40203010,19
LPLA,40203020,19
LTS,40203020,19
LUK,40201030,19
MDLY,40203010,19
MKTX,40203040,19
MN,40203010,19
MORN,40203040,19
MS,40203020,19
MSCI,40203040,19
NDAQ,40203040,19
NHLD,40203020,19
NTRS,40203010,19
OAK,40203010,19
OPY,40203020,19
PJC,40203020,19
PZN,40203010,19
RJF,40203020,19
SAMG,40203010,19
SCHW,40203020,19
SEIC,40203010,19
SF,40203020,19
SIEB,40203020,19
SSNC,45103010,19
STT,40203010,19
TROW,40203010,19
UMBF,40101015,19
VALU,40203040,19
VIRT,40203020,19
VOYA,40201020,19
WDR,40203010,19
WHG,40203010,19
OZM,40203010,19
AAOI,45201020,20
AAPL,45202030,20
ABTL,45101010,20
ADBE,45103010,20
ADTN,45201020,20
AEY,45203030,20
AHC,25401040,20
ALSK,50101020,20
AMBA,45301020,20
AMCX,25401020,20
AMT,60101080,20
ANGI,45101010,20
APPS,45103010,20
ARRS,45201020,20
ATNI,50101020,20
ATVI,45103030,20
AVID,45202030,20
AVNW,45201020,20
BBOX,45201020,20
BCOV,45101010,20
BDR,45201020,20
BKS,25504040,20
BTN,25401030,20
BV,45101010,20
CALX,45201020,20
CAMP,45201020,20
CBB,50101020,20
CBS,25401020,20
CCI,60101080,20
CCO,25401010,20
CCOI,50101010,20
CCUR,45202030,20
CHTR,25401025,20
CIDM,25401030,20
CLCT,25302020,20
CLFD,45201020,20
CLRO,45201020,20
CMCSA,25401025,20
CMLS,25401020,20
CNSL,50101020,20
COMM,45201020,20
CSCO,45201020,20
CTL,50101020,20
DAKT,45203010,20
DGLY,45203010,20
DIS,25401030,20
DISCA,25401020,20
DISH,25401025,20
DLB,45203015,20
DMRC,45103010,20
DSPG,45301020,20
EA,45103030,20
EBAY,45101010,20
EMKR,45201020,20
EMMS,25401020,20
ENT,25401030,20
EQIX,60101080,20
ETM,25401020,20
EVC,25401020,20
EXPE,25502020,20
FB,45101010,20
FOXA,25401030,20
FRP,50101020,20
FTR,50101020,20
FUEL,45101010,20
GAIA,25502020,20
GCI,25401040,20
GLUU,45103010,20
GME,25504020,20
GNCMA,50101020,20
GOGO,45101010,20
GOOGL,45101010,20
GPRO,25201010,20
GSAT,50101010,20
GTN,25401020,20
GTT,45101010,20
HCHC,20103010,20
HCOM,50101020,20
HEAR,25201010,20
HLIT,45201020,20
HMHC,25302010,20
HMTV,25401020,20
IDCC,45201020,20
IMMR,45202030,20
INFN,45201020,20
INOD,45102020,20
INUV,45101010,20
INVT,45201020,20
IPDN,45101010,20
IPG,25401010,20
IRDM,50101010,20
JCOM,45101010,20
JCS,45201020,20
KVHI,45201020,20
LAMR,60101080,20
LBRDK,25401025,20
LEE,25401040,20
LLNW,45101010,20
LMOS,50101010,20
LMRK,60102020,20
LORL,25401025,20
LOV,45101010,20
LVLT,50101010,20
LVNTA,25502020,20
LYV,25401030,20
MARK,45101010,20
MCHX,45101010,20
MDCA,25401010,20
MDP,25401040,20
MEET,45101010,20
MHH,20202010,20
MNI,25401040,20
MRVC,45201020,20
NAME,45101010,20
NCMI,25401010,20
NEWM,25401040,20
NFLX,25502020,20
NTGR,45201020,20
NTIP,45201020,20
NWSA,25401040,20
NXST,25401020,20
NYT,25401040,20
OCC,45201020,20
OMC,25401010,20
OTEL,50101020,20
OUT,60101080,20
P,45101010,20
PCLN,25502020,20
PCO,20202020,20
PDVW,50101010,20
PN,40301010,20
PXLW,45301020,20
QCOM,45301020,20
RATE,45101010,20
RLJE,25401030,20
RMGN,45203010,20
RNET,10101020,20
RNG,45103010,20
RNWK,45101010,20
RRD,20201010,20
RUBI,45103020,20
RWC,45201020,20
SALE,45101010,20
SALM,25401020,20
SATS,45201020,20
SBGI,25401020,20
SCSC,45203030,20
SEAC,45103010,20
SFLY,25502020,20
SGA,25401020,20
SHEN,50102010,20
SIGM,45301020,20
SIRI,25401025,20
SNI,25401020,20
SOFO,45103020,20
SONS,45201020,20
SPEX,20202020,20
SPOK,50102010,20
SSP,25401020,20
SSTK,45101010,20
STRP,50101010,20
SYNC,45101010,20
T,50101020,20
TCCO,45201020,20
TDS,50102010,20
TESS,45201020,20
TIME,25401040,20
TIVO,45103020,20
TMUS,50102010,20
TNAV,45103010,20
TRCO,25401020,20
TRMR,45101010,20
TRUE,45101010,20
TSQ,25401020,20
TST,40203040,20
TTGT,45101010,20
TTWO,45103030,20
TWTR,45101010,20
TWX,25401030,20
TYPE,45103010,20
UBNT,45201020,20
USM,50102010,20
VG,50101010,20
VIAB,25401030,20
VII,45203010,20
VSAT,45201020,20
VUZI,25201010,20
VZ,50101020,20
WIFI,50102010,20
WIN,50101020,20
WSTL,45201020,20
WWE,25401030,20
XGTI,45201020,20
XOXO,45101010,20
YHOO,45101010,20
YUME,45101010,20
ZAYO,50101010,20
ZNGA,45103030,20
GHC,25302010,20
LIVE,25201020,20
ABDC,40203010,21
ACSF,40203010,21
AINV,40203010,21
APO,40203010,21
ARCC,40203010,21
BKCC,40203010,21
CG,40203010,21
CMFN,40203010,21
CODI,40201030,21
CPTA,40203010,21
CSWC,40203010,21
FDUS,40203010,21
FSC,40203010,21
FSFR,40203010,21
FSIC,40203010,21
GAIN,40203010,21
GBDC,40203010,21
GLAD,40203010,21
GSBD,40203010,21
GSVC,40203010,21
HCAP,40203010,21
HRZN,40203010,21
HTGC,40203010,21
KCAP,40203010,21
MAIN,40203010,21
MCC,40203010,21
MRCC,40203010,21
MVC,40203010,21
NEWS,40201040,21
NMFC,40203010,21
OFS,40203010,21
OHAI,40203010,21
PFLT,40203010,21
PNNT,40203010,21
PSEC,40203010,21
RAND,40203010,21
SAR,40203010,21
SCM,40203010,21
SLRC,40203010,21
SUNS,40203010,21
SVVC,40203010,21
TCAP,40203010,21
TCPC,40203010,21
TCRD,40203010,21
TICC,40203010,21
TPVG,40203010,21
TSLX,40203010,21
WHF,40203010,21
ADGE,55105010,22
AEE,55103010,22
AEP,55101010,22
AES,55105010,22
AGX,20103010,22
ALE,55101010,22
AMRC,20103010,22
AT,55105010,22
ATO,55102010,22
AVA,55103010,22
BKH,55103010,22
CMS,55103010,22
CNP,55103010,22
CPK,55102010,22
CPN,55105010,22
CVA,20201050,22
D,55103010,22
DTE,55103010,22
DUK,55101010,22
ED,55103010,22
EE,55101010,22
EIX,55101010,22
ES,55101010,22
ETR,55101010,22
EXC,55101010,22
FCEL,20104010,22
FE,55101010,22
GE,20105010,22
GV,20103010,22
GXP,55101010,22
HASI,40204010,22
HE,55101010,22
HIFR,60101080,22
IDA,55101010,22
ITRI,45203010,22
LNT,55101010,22
MDU,55103010,22
MGEE,55101010,22
MIC,20305010,22
MTRX,10101020,22
MTZ,20103010,22
MYRG,20103010,22
NEE,55101010,22
NEP,55105020,22
NI,55103010,22
NJR,55102010,22
NRG,55105010,22
NWE,55103010,22
OGE,55101010,22
ORA,55105020,22
PCG,55101010,22
PEG,55103010,22
PEGI,55105020,22
PNM,55101010,22
PNW,55101010,22
POR,55101010,22
PPL,55101010,22
PWR,20103010,22
RGCO,55102010,22
SCG,55103010,22
SJI,55102010,22
SO,55101010,22
SPH,55102010,22
SPKE,55101010,22
SRE,55103010,22
SYMX,10101020,22
TERP,55105020,22
TSLA,25102010,22
UGI,55102010,22
UTL,55103010,22
VSLR,55105020,22
VVC,55103010,22
WEC,55103010,22
WG,10101020,22
WGL,55102010,22
WR,55101010,22
XEL,55101010,22
AAN,25504060,23
ACCO,20201060,23
ACU,20201060,23
AEO,25504010,23
AMZN,25502020,23
ANF,25504010,23
AOI,30203010,23
ARCI,25504040,23
ASNA,25504010,23
AZO,25504050,23
BBBY,25504060,23
BBW,25504040,23
BBY,25504020,23
BEBE,25504010,23
BGFV,25504040,23
BGS,30202030,23
BID,25302020,23
BIG,25503020,23
BKE,25504010,23
BONT,25503010,23
BOOT,25504010,23
BREW,30201010,23
BSET,25201020,23
BURL,25504010,23
CAB,25504040,23
CAG,30202030,23
CALM,30202030,23
CAPL,10102040,23
CASY,30101030,23
CATO,25504010,23
CAW,30302010,23
CBK,25504010,23
CCL,25301020,23
CENTA,30301010,23
CHD,30301010,23
CHEF,30101020,23
CHKE,25203010,23
CHS,25504010,23
CL,30301010,23
CLUB,25301030,23
CLX,30301010,23
COH,25203010,23
COLM,25203010,23
CONN,25504020,23
CORE,25501010,23
COST,30101040,23
COTY,30302010,23
CPB,30202030,23
CRI,25203010,23
CROX,25203020,23
CRWS,25203030,23
CSS,25201050,23
CST,25504050,23
CTHR,25203010,23
CTRN,25504010,23
CVGW,30202030,23
DDS,25503010,23
DECK,25203020,23
DEST,25504010,23
DF,30202030,23
DG,25503020,23
DKS,25504040,23
DLA,25203010,23
DLTR,25503020,23
DPZ,25301040,23
DSW,25504010,23
DXLG,25504010,23
EBF,20201010,23
EDUC,25501010,23
EL,30302010,23
ELY,25202010,23
ENR,30301010,23
ESCA,25202010,23
ETH,25201020,23
ETSY,25502020,23
EVLV,25502020,23
EXPR,25504010,23
EZPW,40202010,23
FARM,30202030,23
FCFS,40202010,23
FDP,30202010,23
FINL,25504010,23
FIVE,25504040,23
FIZZ,30201030,23
FL,25504010,23
FLO,30202030,23
FLWS,25502020,23
FOSL,25203010,23
FRAN,25504010,23
FRED,25503020,23
FRPT,30202030,23
FTD,25502020,23
GCO,25504010,23
GES,25504010,23
GIII,25203010,23
GIS,30202030,23
GNC,25504040,23
GPS,25504010,23
GRPN,25502020,23
HAIN,30202030,23
HAS,25202010,23
HBI,25203010,23
HD,25504030,23
HELE,25201040,23
HIBB,25504040,23
HOFT,25201020,23
HRL,30202030,23
HSNI,25502020,23
HSY,30202030,23
HVT,25504060,23
ICON,25203010,23
IFF,15101050,23
IFON,45201020,23
IMKTA,30101030,23
IPAR,30302010,23
ISIG,25401010,23
JAKK,25202010,23
JBSS,30202030,23
JCP,25503010,23
JJSF,30202030,23
JMBA,25301040,23
JVA,30202030,23
JWN,25503010,23
K,30202030,23
KATE,25203010,23
KBAL,20201060,23
KBAL,20201060,23
KIRK,25504060,23
KMB,30301010,23
KNL,20201060,23
KO,30201030,23
KOSS,25201010,23
KR,30101030,23
KSS,25503010,23
LANC,30202030,23
LB,25504010,23
LCUT,25201050,23
LE,25502020,23
LFVN,30302010,23
LNCE,30202030,23
LOW,25504030,23
LWAY,30202030,23
LZB,25201020,23
M,25503010,23
MAT,25202010,23
MC,40203020,23
MDLZ,30202030,23
MED,30302010,23
MIK,25504040,23
MJN,30202030,23
MKC,30202030,23
MLHR,20201060,23
MOV,25203010,23
MSN,25201010,23
MTEX,30302010,23
MUSA,25504050,23
MYCC,25301030,23
NAII,30302010,23
NC,25201040,23
NCLH,25301020,23
NGVC,30101030,23
NHTC,30302010,23
NKE,25203020,23
NLS,25202010,23
NTRI,25502020,23
NUS,30302010,23
NUTR,30302010,23
NVFY,25201020,23
NWY,25504010,23
ODC,30301010,23
ODP,25504040,23
OSTK,25502020,23
OXM,25203010,23
PBH,35202010,23
PBPB,25301040,23
PEP,30201030,23
PERF,25504040,23
PERY,25203010,23
PETS,25502020,23
PF,30202030,23
PG,30301010,23
PIR,25504060,23
PLCE,25504010,23
PM,30203010,23
PNRA,25301040,23
POST,30202030,23
PRPH,35202010,23
PRSS,25502020,23
PSMT,30101040,23
PVH,25203010,23
QVCA,25502020,23
RAD,30101010,23
RCII,25504020,23
RCKY,25203020,23
RCL,25301020,23
REED,30201030,23
RELV,30302010,23
REV,30302010,23
RGS,25302020,23
RH,25504060,23
RL,25203010,23
RMCF,30202030,23
ROST,25504010,23
ROX,30201020,23
SAFM,30202030,23
SAM,30201010,23
SBH,25504040,23
SBUX,25301040,23
SCHL,25401040,23
SCSS,25504060,23
SCVL,25504010,23
SENEA,30202030,23
SFM,30101030,23
SFS,30101030,23
SGC,25203010,23
SGRP,25401010,23
SHLD,25503010,23
SHOO,25203020,23
SHOS,25504030,23
SJM,30202030,23
SKX,25203020,23
SMG,15101030,23
SMRT,25504010,23
SNAK,30202030,23
SPB,30301010,23
SPLS,25504040,23
SPTN,30101020,23
SPWH,25504040,23
SQBG,25203010,23
SSI,25504010,23
STLY,25201020,23
STZ,30201020,23
SUMR,25202010,23
SUN,10102040,23
SVU,30101030,23
SYY,30101020,23
TAP,30201010,23
TGT,25503020,23
THS,30202030,23
THST,30201020,23
TIF,25504040,23
TIS,30301010,23
TJX,25504010,23
TLF,25504010,23
TLYS,25504010,23
TPX,25201020,23
TR,30202030,23
TRUP,40301020,23
TSCO,25504040,23
TSN,30202030,23
TUES,25503020,23
TUP,25201050,23
TWMC,25504040,23
TZOO,45101010,23
ULTA,25504040,23
UNFI,30101020,23
URBN,25504010,23
USNA,30302010,23
VFC,25203010,23
VLGEA,30101030,23
VNCE,25203010,23
VRA,25203010,23
VSI,25504040,23
VSTO,25202010,23
W,25502020,23
WBA,30101010,23
WDFC,30301010,23
WEYS,25501010,23
WFM,30101030,23
WHR,25201040,23
WINA,25504040,23
WMAR,25504040,23
WMK,30101030,23
WMT,30101040,23
WSM,25504060,23
WTW,25302020,23
WVVI,30201020,23
WWW,25203020,23
Z,45101010,23
ZUMZ,25504010,23
FRSH,25301040,23
